OBJECTID,ROADNAME,MAP_TYPE,MPWBIKEID,SHAPELEN
1,DUMESNIL ST,Neighborway,1,186.2974441
2,DUMESNIL ST,Neighborway,2,388.1637702
3,DUMESNIL ST,Neighborway,3,56.14986137
4,W OAK ST,Neighborway,4,439.7994022
5,VIRGINIA AVE,Neighborway,5,792.2866249
6,S 28TH ST,Neighborway,6,491.7469406
7,DUMESNIL ST,Neighborway,7,600.0042611
8,DUMESNIL ST,Neighborway,8,43.81557738
9,DUMESNIL ST,Neighborway,9,373.9821745
10,VIRGINIA AVE,Neighborway,10,382.9272093
11,DUMESNIL ST,Neighborway,11,189.5548071
12,W OAK ST,Neighborway,12,600.3754553
13,DUMESNIL ST,Neighborway,13,383.9175498
14,DUMESNIL ST,Neighborway,14,89.21381282
15,LEXINGTON RD,Bike Lane,15,291.2024921
16,LEXINGTON RD,Bike Lane,16,427.1609217
17,LEXINGTON RD,Bike Lane,17,940.0197854
18,LEXINGTON RD,Bike Lane,18,920.0087752
19,LEXINGTON RD,Bike Lane,19,83.16498858
20,LEXINGTON RD,Bike Lane,20,420.251615
21,LEXINGTON RD,Bike Lane,21,515.5271386
22,LEXINGTON RD,Bike Lane,22,273.5827665
23,LEXINGTON RD,Bike Lane,23,455.5489936
24,LEXINGTON RD,Bike Lane,24,424.6852939
25,LEXINGTON RD,Bike Lane,25,95.86358215
26,LEXINGTON RD,Bike Lane,26,328.949555
27,LEXINGTON RD,Bike Lane,27,592.8228565
28,LEXINGTON RD,Bike Lane,28,73.6567853
29,LEXINGTON RD,Bike Lane,29,152.4145277
30,LEXINGTON RD,Bike Lane,30,400.1468407
31,CLIFF AVE,Neighborway,31,340.6798739
32,S 2ND ST,Neighborway,32,509.5303747
33,CARLISLE AVE,Neighborway,33,369.5277845
34,LESTER AVE,Neighborway,34,390.4901636
35,MONTANA AVE,Neighborway,35,337.0649285
36,UTAH AVE,Neighborway,36,343.28683
37,CLIFF AVE,Neighborway,37,1189.32826
38,PEACHTREE AVE,Neighborway,38,317.6574635
39,PEACHTREE AVE,Neighborway,39,392.9964179
40,S RUTLAND AVE,Neighborway,40,1450.597286
41,W WOODLAWN AVE,Neighborway,41,521.9470844
42,CLIFF AVE,Neighborway,42,377.8353111
43,POWELL AVE,Neighborway,43,445.9815727
44,S 2ND ST,Neighborway,44,407.1555453
45,W WHITNEY AVE,Neighborway,45,619.3033865
46,LESTER AVE,Neighborway,46,371.3344515
47,E WHEATMORE DR,Neighborway,47,1160.005291
48,LESTER AVE,Neighborway,48,420.5528546
49,W WOODLAWN AVE,Neighborway,49,474.6778716
50,EARL AVE,Neighborway,50,723.3139653
51,PEACHTREE AVE,Neighborway,51,418.0016357
52,CARLISLE AVE,Neighborway,52,400.8188301
53,STRADER AVE,Neighborway,53,369.3104686
54,POWELL AVE,Neighborway,54,549.6281551
55,CLIFF AVE,Neighborway,55,338.5282727
56,W WHITNEY AVE,Neighborway,56,498.3950773
57,E WHEATMORE DR,Neighborway,57,278.4777153
58,CLIFF AVE,Neighborway,58,340.2295689
59,W WOODLAWN AVE,Neighborway,59,452.7633748
60,BERRY BLVD,Neighborway,60,165.7229527
61,PHYLLIS AVE,Neighborway,61,283.2320287
62,PEACHTREE AVE,Neighborway,62,167.1762292
63,S 2ND ST,Neighborway,63,413.9715027
64,WEYLER AVE,Neighborway,64,342.4355679
65,S 2ND ST,Neighborway,65,308.9530337
66,W WOODLAWN AVE,Neighborway,66,347.0401853
67,PEACHTREE AVE,Neighborway,67,268.2364695
68,POWELL AVE,Neighborway,68,549.159319
69,BROOKLINE AVE,Neighborway,69,487.4648506
70,POWELL AVE,Neighborway,70,256.6052268
71,S 2ND ST,Neighborway,71,512.0329788
72,W WHITNEY AVE,Neighborway,72,663.9291212
73,W WHITNEY AVE,Neighborway,73,523.0279293
74,PEACHTREE AVE,Neighborway,74,366.2583767
75,BROOKLINE AVE,Neighborway,75,451.4829678
76,CLIFF AVE,Neighborway,76,340.4129831
77,LESTER AVE,Neighborway,77,297.9972093
78,CARLISLE AVE,Neighborway,78,371.5863283
79,BICKNELL AVE,Neighborway,79,1056.844148
80,CAYUGA ST,Neighborway,80,413.2433763
81,CLIFF AVE,Neighborway,81,342.7073753
82,STRADER AVE,Neighborway,82,291.0214816
83,BICKNELL AVE,Neighborway,83,368.0917526
84,CLIFF AVE,Neighborway,84,459.007289
85,CLIFF AVE,Neighborway,85,520.7984116
86,MARCH BLVD,Neighborway,86,184.2381635
87,CARLISLE AVE,Neighborway,87,369.3221503
88,S 2ND ST,Neighborway,88,474.9327114
89,BROOKLINE AVE,Neighborway,89,470.0336172
90,W WOODLAWN AVE,Neighborway,90,110.7209921
91,WARREN AVE,Neighborway,91,163.2709046
92,W WHITNEY AVE,Neighborway,92,1236.527716
93,CARLISLE AVE,Neighborway,93,663.8996954
94,CLIFF AVE,Neighborway,94,337.8043829
95,LESTER AVE,Neighborway,95,126.0264075
96,CLIFF AVE,Neighborway,96,669.2696877
97,LESTER AVE,Neighborway,97,300.3809141
98,W WOODLAWN AVE,Neighborway,98,382.0316815
99,W FLORENCE AVE,Neighborway,99,169.2560843
100,S WHEATMORE DR,Neighborway,100,578.519176
101,PEACHTREE AVE,Neighborway,101,294.1689271
102,PEACHTREE AVE,Neighborway,102,336.1666564
103,CLIFF AVE,Neighborway,103,1240.394589
104,CARLISLE AVE,Neighborway,104,370.9457872
105,S 2ND ST,Neighborway,105,509.3944048
106,PEACHTREE AVE,Neighborway,106,114.066362
107,UTAH AVE,Neighborway,107,245.6005633
108,CARLISLE AVE,Neighborway,108,370.0972898
109,WEYLER AVE,Neighborway,109,316.7049863
110,W WHITNEY AVE,Neighborway,110,451.5935847
111,WEYLER AVE,Neighborway,111,325.2479504
112,S 2ND ST,Neighborway,112,274.6884849
113,CARLISLE AVE,Neighborway,113,698.1591376
114,PEACHTREE AVE,Neighborway,114,305.8961801
115,CARLISLE AVE,Neighborway,115,368.4477522
116,POWELL AVE,Neighborway,116,490.105147
117,WEYLER AVE,Neighborway,117,502.9003608
118,SALE AVE,Neighborway,118,1028.103706
119,CLIFF AVE,Neighborway,119,339.3325485
120,W COLLINS CT,Neighborway,120,240.4706369
121,S 2ND ST,Neighborway,121,493.5226876
122,BICKNELL AVE,Neighborway,122,812.347714
123,CAYUGA ST,Neighborway,123,761.8763655
124,CAYUGA ST,Neighborway,124,340.0902496
125,CLIFF AVE,Neighborway,125,530.4560962
126,WESTPORT RD,Bike Lane,1,533.0843601
127,WHIPPS MILL RD,Bike Lane,2,1935.352848
128,PLANTSIDE DR,Bike Lane,3,531.7492595
129,S 2ND ST,Bike Lane,4,652.8126853
130,W KENTUCKY ST,Bike Lane,5,312.1987674
131,S 7TH ST,Bike Lane,6,228.4824112
132,GOLDSMITH LN,Bike Lane,7,547.5119354
133,TAYLORSVILLE RD,Bike Lane,8,942.0627841
134,S 2ND ST,Shared Lane Connection,9,480.7105778
135,W BROADWAY,Bike Lane,10,141.8761686
136,W BROADWAY,Bike Lane,11,55.05946531
137,W MARKET ST,Bike Lane,12,480.3208187
138,SHELBYVILLE RD,Shared Use Path,13,625.0042496
139,W BRECKINRIDGE ST,Bike Lane,14,239.203958
140,S 3RD ST,Bike Lane,15,705.850004
141,BRADLEY AVE,Neighborway,16,268.2393131
142,GRINSTEAD DR,Bike Lane,17,707.8122257
143,W MAIN ST,Shared Lane Connection,18,481.6913044
144,S 4TH ST,Bike Lane,19,466.0715479
145,WESTPORT RD,Bike Lane,20,593.6634734
146,POPLAR LEVEL RD,Bike Lane,21,633.2821009
147,S 3RD ST,Bike Lane,22,794.7186677
148,E BRECKINRIDGE ST,Bike Lane,23,185.4348237
149,W BROADWAY,Bike Lane,24,239.549067
150,W MAIN ST,Shared Lane Connection,25,479.3097761
151,PLANTSIDE DR,Bike Lane,26,2507.008318
152,JOHNSONTOWN RD,Bike Lane,27,450.6510039
153,S 3RD ST,Bike Lane,28,557.8855271
154,WESTPORT RD,Bike Lane,29,453.7265735
155,TAYLORSVILLE RD,Bike Lane,30,524.277478
156,S HANCOCK ST,Neighborway,31,246.4321614
157,SOUTHWESTERN PKY,Bike Lane,32,351.2813758
158,E BRECKINRIDGE ST,Bike Lane,33,621.9867786
159,TAYLORSVILLE RD,Bike Lane,34,294.2351259
160,CAMP GROUND RD,Bike Lane,35,2859.476502
161,POPLAR LEVEL RD,Bike Lane,36,391.1690869
162,BANK ST,Shared Lane Connection,37,504.852718
163,W GAULBERT AVE,Shared Lane Connection,38,440.9450207
164,CAMP GROUND RD,Bike Lane,39,750.8680574
165,W BROADWAY,Bike Lane,40,180.0786394
166,W GAULBERT AVE,Shared Lane Connection,41,480.0479717
167,WESTPORT RD,Bike Lane,42,338.6315244
168,POPLAR LEVEL RD,Bike Lane,43,123.9587489
169,WESTPORT RD,Bike Lane,44,988.9158937
170,WHIPPS MILL RD,Bike Lane,45,697.457489
171,WHIPPS MILL RD,Bike Lane,46,1430.970449
172,CAMP GROUND RD,Bike Lane,47,197.79694
173,SHELBYVILLE RD,Shared Use Path,48,1133.998539
174,PLANTSIDE DR,Bike Lane,49,898.1874562
175,S 2ND ST,Bike Lane,50,556.5276534
176,W BROADWAY,Bike Lane,51,118.2342399
177,GRINSTEAD DR,Bike Lane,52,166.4654751
178,W HILL ST,Bike Lane,53,477.5853466
179,W CARDINAL BLVD,Bike Lane,54,403.5160383
180,EASTERN PKY,Bike Lane,55,140.1635613
181,W BROADWAY,Bike Lane,56,220.9092713
182,PLANTSIDE DR,Bike Lane,57,1271.334345
183,JOHNSONTOWN RD,Shared Lane Connection,58,1006.345613
184,TAYLORSVILLE RD,Bike Lane,59,662.7640782
185,S 3RD ST,Bike Lane,60,546.1176608
186,W MAIN ST,Shared Lane Connection,61,478.3019869
187,S 2ND ST,Bike Lane,62,1090.438664
188,E KENTUCKY ST,Bike Lane,63,558.556778
189,W BROADWAY,Bike Lane,64,222.3815169
190,S 8TH ST,Bike Lane,65,625.2456805
191,WHIPPS MILL RD,Bike Lane,66,568.0000727
192,W BRECKINRIDGE ST,Bike Lane,67,545.0268522
193,BANK ST,Shared Lane Connection,68,499.0130705
194,W HILL ST,Bike Lane,69,615.8513965
195,WHIPPS MILL RD,Bike Lane,70,245.3512751
196,JOHNSONTOWN RD,Shared Lane Connection,71,863.7062668
197,PLANTSIDE DR,Bike Lane,72,600.4551867
198,S BARBEE WAY,Neighborway,73,521.7242126
199,POPLAR LEVEL RD,Bike Lane,74,419.5589108
200,E BRECKINRIDGE ST,Bike Lane,75,585.9663538
201,E BRECKINRIDGE ST,Bike Lane,76,379.3363191
202,JOHNSONTOWN RD,Shared Lane Connection,77,564.3495342
203,S BROOK ST,Bike Lane,78,485.3109904
204,S BROOK ST,Bike Lane,79,483.9144795
205,STONESTREET RD,Bike Lane,80,1006.341971
206,GRINSTEAD DR,Bike Lane,81,565.2696334
207,E KENTUCKY ST,Bike Lane,82,275.8084615
208,W MARKET ST,Bike Lane,83,241.1805243
209,W BRECKINRIDGE ST,Bike Lane,84,239.8881197
210,POPLAR LEVEL RD,Bike Lane,85,236.6383097
211,TAYLORSVILLE RD,Bike Lane,86,440.2547571
212,S HANCOCK ST,Neighborway,87,238.9573612
213,SOUTHWESTERN PKY,Bike Lane,88,325.2519465
214,POPLAR LEVEL RD,Bike Lane,89,422.3767601
215,GOLDSMITH LN,Bike Lane,90,353.300817
216,GOLDSMITH LN,Bike Lane,91,284.8771392
217,W BROADWAY,Bike Lane,92,180.8310541
218,POPLAR LEVEL RD,Bike Lane,93,220.8265742
219,BANK ST,Shared Lane Connection,94,70.33664437
220,E MARKET ST,Bike Lane,95,585.1689181
221,E KENTUCKY ST,Bike Lane,96,653.0344347
222,E KENTUCKY ST,Bike Lane,97,479.4859262
223,CAMP GROUND RD,Bike Lane,98,708.0798992
224,W BRECKINRIDGE ST,Bike Lane,99,426.7584802
225,S 7TH ST,Bike Lane,100,478.6753298
226,EASTERN PKY,Bike Lane,101,205.781379
227,E MAIN ST,Bike Lane,102,584.8618961
228,BANK ST,Shared Lane Connection,103,492.6395852
229,S BROOK ST,Bike Lane,104,479.479382
230,E BRECKINRIDGE ST,Bike Lane,105,558.8149487
231,S 3RD ST,Bike Lane,106,679.5535479
232,BANK ST,Shared Lane Connection,107,974.5160035
233,W MARKET ST,Bike Lane,108,480.52419
234,W MARKET ST,Bike Lane,109,478.4039721
235,N BARBEE WAY,Neighborway,110,615.6920716
236,CAMP GROUND RD,Bike Lane,111,1273.390308
237,S 2ND ST,Bike Lane,112,186.7124422
238,GRINSTEAD DR,Bike Lane,113,1089.231708
239,POPLAR LEVEL RD,Bike Lane,114,219.2391165
240,PLANTSIDE DR,Bike Lane,115,1241.306785
241,POPLAR LEVEL RD,Bike Lane,116,405.9148067
242,POPLAR LEVEL RD,Bike Lane,117,301.7080236
243,W BROADWAY,Bike Lane,118,229.5336549
244,E KENTUCKY ST,Bike Lane,119,255.581168
245,CAMP GROUND RD,Bike Lane,120,1390.745304
246,TAYLORSVILLE RD,Bike Lane,121,689.7211189
247,W BROADWAY,Bike Lane,122,473.4485926
248,S 7TH ST,Bike Lane,123,358.0517771
249,GRINSTEAD DR,Bike Lane,124,328.8230982
250,W BROADWAY,Bike Lane,125,126.8434696
251,BANK ST,Shared Lane Connection,126,102.2660636
252,WHIPPS MILL RD,Bike Lane,127,364.7802841
253,E KENTUCKY ST,Bike Lane,128,329.2290621
254,W BRECKINRIDGE ST,Bike Lane,129,480.4321414
255,S 4TH ST,Bike Lane,130,511.6284355
256,W GAULBERT AVE,Shared Lane Connection,131,241.6145523
257,WHIPPS MILL RD,Bike Lane,132,262.0006857
258,S 8TH ST,Bike Lane,133,415.1251704
259,S 3RD ST,Bike Lane,134,1088.194342
260,WHIPPS MILL RD,Bike Lane,135,752.0171414
261,STONESTREET RD,Bike Lane,136,2568.748455
262,TAYLORSVILLE RD,Bike Lane,137,579.9215413
263,SOUTHWESTERN PKY,Bike Lane,138,333.3011094
264,E MAIN ST,Bike Lane,139,585.8571855
265,JOHNSONTOWN RD,Bike Lane,140,398.1786863
266,TAYLORSVILLE RD,Bike Lane,141,431.8224522
267,E BRECKINRIDGE ST,Bike Lane,142,212.3126448
268,W KENTUCKY ST,Bike Lane,143,480.7111154
269,BANK ST,Shared Lane Connection,144,176.4852453
270,TAYLORSVILLE RD,Bike Lane,145,466.5938204
271,BANK ST,Shared Lane Connection,146,794.0520769
272,W MAIN ST,Shared Lane Connection,147,477.1124675
273,TAYLORSVILLE RD,Bike Lane,148,291.3459438
274,S SHELBY ST,Neighborway,149,265.0624465
275,POPLAR LEVEL RD,Bike Lane,150,406.3997569
276,S 8TH ST,Bike Lane,151,283.7064094
277,W KENTUCKY ST,Bike Lane,152,234.3607223
278,GRINSTEAD DR,Bike Lane,153,404.2774826
279,W BROADWAY,Bike Lane,154,356.4130528
280,JOHNSONTOWN RD,Bike Lane,155,478.0603405
281,GOLDSMITH LN,Bike Lane,156,1136.085522
282,POPLAR LEVEL RD,Bike Lane,157,717.0890894
283,W BROADWAY,Bike Lane,158,89.15322267
284,S 2ND ST,Bike Lane,159,859.7329744
285,SOUTHWESTERN PKY,Bike Lane,160,253.5912002
286,SOUTHWESTERN PKY,Bike Lane,161,394.031667
287,PLANTSIDE DR,Bike Lane,162,311.4891846
288,W BROADWAY,Bike Lane,163,199.4750013
289,W HILL ST,Bike Lane,164,479.3302662
290,TAYLORSVILLE RD,Bike Lane,165,516.0070066
291,E KENTUCKY ST,Bike Lane,166,584.4377866
292,JOHNSONTOWN RD,Bike Lane,167,1457.258203
293,PLANTSIDE DR,Bike Lane,168,1703.389806
294,JOHNSONTOWN RD,Bike Lane,169,641.1112275
295,GRINSTEAD DR,Bike Lane,170,179.8426949
296,W BROADWAY,Bike Lane,171,671.6847179
297,W BRECKINRIDGE ST,Bike Lane,172,247.066528
298,S 3RD ST,Bike Lane,173,869.9683336
299,TAYLORSVILLE RD,Bike Lane,174,744.2806905
300,W BROADWAY,Bike Lane,175,177.3148424
301,WHIPPS MILL RD,Bike Lane,176,307.6512861
302,POPLAR LEVEL RD,Bike Lane,177,706.2106732
303,WESTPORT RD,Bike Lane,178,773.1982725
304,GRINSTEAD DR,Bike Lane,179,609.2403529
305,SOUTHWESTERN PKY,Bike Lane,180,545.456113
306,WHIPPS MILL RD,Bike Lane,181,482.6939635
307,E CARDINAL BLVD,Bike Lane,182,355.9132137
308,CAMP GROUND RD,Bike Lane,183,408.9775016
309,SOUTHWESTERN PKY,Bike Lane,184,749.9971426
310,BANK ST,Shared Lane Connection,185,206.5818814
311,E KENTUCKY ST,Bike Lane,186,1474.159634
312,PLANTSIDE DR,Bike Lane,187,1093.484736
313,WESTPORT RD,Bike Lane,188,371.6370639
314,W MARKET ST,Bike Lane,189,480.4595039
315,SOUTHWESTERN PKY,Bike Lane,190,314.7604733
316,W MARKET ST,Bike Lane,191,479.8483118
317,E BRECKINRIDGE ST,Bike Lane,192,586.6573275
318,TAYLORSVILLE RD,Bike Lane,193,420.4908217
319,W KENTUCKY ST,Bike Lane,194,516.8555802
320,JOHNSONTOWN RD,Bike Lane,195,77.12919687
321,E KENTUCKY ST,Bike Lane,196,585.0739357
322,TAYLORSVILLE RD,Bike Lane,197,965.331213
323,E BRECKINRIDGE ST,Bike Lane,198,554.9024672
324,W MARKET ST,Bike Lane,199,480.1356519
325,JOHNSONTOWN RD,Bike Lane,200,552.2300733
326,JOHNSONTOWN RD,Bike Lane,201,266.1401179
327,PLANTSIDE DR,Bike Lane,202,1207.610971
328,GOSS AVE,Neighborway,203,156.612179
329,S 3RD ST,Bike Lane,204,826.1645255
330,POPLAR LEVEL RD,Bike Lane,205,907.4150856
331,PLANTSIDE DR,Bike Lane,206,558.7715838
332,SOUTHWESTERN PKY,Bike Lane,207,328.47999
333,PLANTSIDE DR,Bike Lane,208,769.9660823
334,E BRECKINRIDGE ST,Bike Lane,209,713.0768721
335,CAMP GROUND RD,Bike Lane,210,549.3531305
336,W KENTUCKY ST,Bike Lane,211,229.8942447
337,S 2ND ST,Shared Lane Connection,212,506.7475918
338,SOUTHWESTERN PKY,Bike Lane,213,2105.968193
339,BANK ST,Shared Lane Connection,214,176.0952673
340,E KENTUCKY ST,Bike Lane,215,204.2989036
341,W HILL ST,Bike Lane,216,349.7459403
342,SOUTHWESTERN PKY,Bike Lane,217,311.3771295
343,W BROADWAY,Bike Lane,218,297.1492265
344,S 3RD ST,Bike Lane,219,479.1715203
345,SHELBYVILLE RD,Shared Use Path,220,96.9678008
346,SHELBYVILLE RD,Shared Use Path,221,160.3153332
347,SHELBYVILLE RD,Shared Use Path,222,535.7034711
348,WHIPPS MILL RD,Bike Lane,223,495.7608618
349,WESTPORT RD,Bike Lane,224,390.077009
350,W HILL ST,Bike Lane,225,958.5503581
351,W HILL ST,Bike Lane,226,1340.092324
352,E MARKET ST,Bike Lane,227,584.2333268
353,GRINSTEAD DR,Bike Lane,228,310.3328623
354,WESTPORT RD,Bike Lane,229,293.8059369
355,S 2ND ST,Shared Lane Connection,230,480.1555789
356,S 2ND ST,Shared Lane Connection,231,480.7796691
357,W MARKET ST,Bike Lane,232,482.6659367
358,W MAIN ST,Shared Lane Connection,233,481.3590524
359,GRINSTEAD DR,Bike Lane,234,369.8827432
360,CAMP GROUND RD,Bike Lane,235,244.2009521
361,POPLAR LEVEL RD,Bike Lane,236,1672.373906
362,W MARKET ST,Bike Lane,237,479.7189927
363,W MARKET ST,Bike Lane,238,479.1112054
364,W MAIN ST,Shared Lane Connection,239,479.5439449
365,STONESTREET RD,Bike Lane,240,1242.029405
366,SOUTHWESTERN PKY,Bike Lane,241,365.604378
367,STONESTREET RD,Bike Lane,242,1572.664244
368,GRINSTEAD DR,Bike Lane,243,1181.648944
369,CAMP GROUND RD,Bike Lane,244,3080.694735
370,N SPRING ST,Bike Lane,245,498.4271763
371,WESTPORT RD,Bike Lane,246,339.091898
372,W GAULBERT AVE,Shared Lane Connection,247,239.0262306
373,TAYLORSVILLE RD,Bike Lane,248,2660.157624
374,W BRECKINRIDGE ST,Bike Lane,249,242.3958156
375,E KENTUCKY ST,Bike Lane,250,246.3443605
376,S 7TH ST,Bike Lane,251,479.8579202
377,S 7TH ST,Bike Lane,252,639.9773072
378,E BRANDEIS AVE,Bike Lane,253,871.4353819
379,WESTPORT RD,Bike Lane,254,419.130238
380,WHIPPS MILL RD,Bike Lane,255,304.493131
381,WESTPORT RD,Bike Lane,256,344.4159411
382,E KENTUCKY ST,Bike Lane,257,154.6582365
383,CAMP GROUND RD,Bike Lane,258,100.2234051
384,TAYLORSVILLE RD,Bike Lane,259,464.0989413
385,GOLDSMITH LN,Bike Lane,260,272.9049085
386,S 3RD ST,Bike Lane,261,494.9284023
387,POPLAR LEVEL RD,Bike Lane,262,918.5836627
388,W MARKET ST,Bike Lane,263,960.74504
389,W KENTUCKY ST,Bike Lane,264,466.5798151
390,S 3RD ST,Bike Lane,265,480.0824687
391,S 2ND ST,Bike Lane,266,274.0654436
392,E KENTUCKY ST,Bike Lane,267,585.3750427
393,W BROADWAY,Bike Lane,268,213.7794974
394,WESTPORT RD,Bike Lane,269,970.4005747
395,TAYLORSVILLE RD,Bike Lane,270,193.5246526
396,S BARBEE WAY,Neighborway,271,460.1303759
397,N BARBEE WAY,Neighborway,272,517.5715691
398,PLANTSIDE DR,Bike Lane,273,3119.83599
399,TAYLORSVILLE RD,Bike Lane,274,1139.035898
400,W BROADWAY,Bike Lane,275,185.4501872
401,POPLAR LEVEL RD,Bike Lane,276,957.6741274
402,W KENTUCKY ST,Bike Lane,277,480.643959
403,TAYLORSVILLE RD,Bike Lane,278,487.8313618
404,W KENTUCKY ST,Bike Lane,279,250.281236
405,E KENTUCKY ST,Bike Lane,280,115.1206835
406,W MARKET ST,Bike Lane,281,237.0986817
407,PLANTSIDE DR,Bike Lane,282,438.1600513
408,SOUTHWESTERN PKY,Bike Lane,283,371.3494779
409,W BROADWAY,Bike Lane,284,278.2660429
410,E KENTUCKY ST,Bike Lane,285,547.9735805
411,S 3RD ST,Bike Lane,286,465.4534898
412,POPLAR LEVEL RD,Bike Lane,287,369.7739845
413,E BRECKINRIDGE ST,Bike Lane,288,214.8208085
414,S 3RD ST,Bike Lane,289,856.4109094
415,S 8TH ST,Bike Lane,290,480.1311682
416,SOUTHWESTERN PKY,Bike Lane,291,339.6294395
417,JOHNSONTOWN RD,Bike Lane,292,206.3585606
418,POPLAR LEVEL RD,Bike Lane,293,353.2593767
419,WESTPORT RD,Bike Lane,294,409.1956735
420,E MAIN ST,Bike Lane,295,479.1427163
421,E KENTUCKY ST,Bike Lane,296,421.4648376
422,E BRECKINRIDGE ST,Bike Lane,297,560.6767874
423,GOLDSMITH LN,Bike Lane,298,292.1563975
424,E BRECKINRIDGE ST,Bike Lane,299,478.651406
425,WESTPORT RD,Bike Lane,300,485.8396132
426,W BROADWAY,Bike Lane,301,113.1964188
427,W BRECKINRIDGE ST,Bike Lane,302,481.840747
428,SHELBYVILLE RD,Shared Use Path,303,665.5238695
429,WESTPORT RD,Bike Lane,304,410.7837281
430,PLANTSIDE DR,Bike Lane,305,266.8202993
431,TAYLORSVILLE RD,Bike Lane,306,212.8174517
432,S JACKSON ST,Bike Lane,307,505.167349
433,WESTPORT RD,Bike Lane,308,316.669843
434,W BROADWAY,Bike Lane,309,158.1681377
435,E BRECKINRIDGE ST,Bike Lane,310,186.6864937
436,WHIPPS MILL RD,Bike Lane,311,406.5952677
437,W KENTUCKY ST,Bike Lane,312,492.0416477
438,S 3RD ST,Bike Lane,313,481.2056988
439,CAMP GROUND RD,Bike Lane,314,2841.335454
440,BRADLEY AVE,Neighborway,315,180.4247351
441,W CARDINAL BLVD,Bike Lane,316,550.33449
442,S 1ST ST,Bike Lane,317,1140.560274
443,SOUTHWESTERN PKY,Bike Lane,318,792.1331752
444,S 3RD ST,Bike Lane,319,480.1511724
445,E BRECKINRIDGE ST,Bike Lane,320,182.7843527
446,EASTERN PKY,Bike Lane,321,672.3988354
447,GRINSTEAD DR,Bike Lane,322,587.6268868
448,POPLAR LEVEL RD,Bike Lane,323,350.923089
449,POPLAR LEVEL RD,Bike Lane,324,185.6259962
450,WESTPORT RD,Bike Lane,325,424.7713127
451,TAYLORSVILLE RD,Bike Lane,326,288.1098831
452,GRINSTEAD DR,Bike Lane,327,902.1202021
453,W BROADWAY,Bike Lane,328,157.6276199
454,S SHELBY ST,Neighborway,329,152.9241762
455,CAMP GROUND RD,Bike Lane,330,925.8540945
456,E BRECKINRIDGE ST,Bike Lane,331,561.0523719
457,S 8TH ST,Bike Lane,332,520.0947649
458,E KENTUCKY ST,Bike Lane,333,280.2470874
459,S SHELBY ST,Neighborway,334,78.32411291
460,POPLAR LEVEL RD,Bike Lane,335,442.3999834
461,WESTPORT RD,Bike Lane,336,437.2677179
462,W BROADWAY,Bike Lane,337,96.81222415
463,E BRECKINRIDGE ST,Bike Lane,338,187.1106579
464,SOUTHWESTERN PKY,Bike Lane,339,131.7342147
465,JOHNSONTOWN RD,Bike Lane,340,1184.017526
466,LETTERLE RD,Shared Use Path,341,575.6367777
467,S 7TH ST,Bike Lane,342,281.0739315
468,S BROOK ST,Bike Lane,343,520.5393394
469,SHELBYVILLE RD,Bike Lane,344,610.5397314
470,W MUHAMMAD ALI BLVD,Bike Lane,345,479.9211649
471,YORK ST,Neighborway,346,239.3754013
472,S 6TH ST,Bike Lane,347,283.796437
473,S BROOK ST,Shared Lane Connection,348,84.3503908
474,S 1ST ST,Shared Lane Connection,349,1176.373057
475,S 1ST ST,Shared Lane Connection,350,88.02416738
476,S BROOK ST,Shared Lane Connection,351,807.7481663
477,W ORMSBY AVE,Neighborway,352,480.9450296
478,VERMONT AVE,Neighborway,353,310.6022001
479,SHELBYVILLE RD,Bike Lane,356,619.6583558
480,E COLLEGE ST,Neighborway,357,586.5148083
481,W MADISON ST,Neighborway,358,480.5353052
482,YORK ST,Neighborway,359,239.5399025
483,W CHESTNUT ST,Bike Lane,360,866.7401859
484,S 6TH ST,Bike Lane,361,225.9961732
485,LAMPTON ST,Neighborway,362,208.2547433
486,S 6TH ST,Shared Lane Connection,363,243.1204356
487,S HANCOCK ST,Neighborway,364,380.4059317
488,E ORMSBY AVE,Neighborway,365,480.5472843
489,DELOR AVE,Neighborway,366,296.5325646
490,S 6TH ST,Bike Lane,367,484.1001407
491,S 7TH ST,Shared Lane Connection,368,315.1693872
492,S HANCOCK ST,Neighborway,369,253.0839999
493,W MAGNOLIA AVE,Neighborway,370,481.8210963
494,HICKORY ST,Neighborway,371,197.487488
495,YORK ST,Neighborway,372,479.9907324
496,ELLISON AVE,Neighborway,373,986.0719306
497,ZANE ST,Shared Lane Connection,374,430.1774126
498,W ORMSBY AVE,Neighborway,375,479.8764287
499,VERMONT AVE,Neighborway,376,858.6884444
500,VERMONT AVE,Neighborway,377,794.5151835
501,S 7TH ST,Shared Lane Connection,378,311.7215949
502,S 8TH ST,Shared Lane Connection,379,277.3150094
503,FRANKLIN ST,Neighborway,381,297.075855
504,SWAN ST,Neighborway,383,370.074771
505,SHELBYVILLE RD,Bike Lane,384,656.3096427
506,W MADISON ST,Neighborway,386,478.4056
507,SHELBYVILLE RD,Bike Lane,387,911.4964244
508,VERMONT AVE,Neighborway,388,617.9172008
509,W MUHAMMAD ALI BLVD,Bike Lane,389,84.75789083
510,VERMONT AVE,Neighborway,390,771.173193
511,S HANCOCK ST,Neighborway,391,237.3704377
512,W MAIN ST,Shared Lane Connection,392,961.350344
513,E COLLEGE ST,Neighborway,393,479.9378236
514,W MAIN ST,Shared Lane Connection,394,478.4880764
515,VERMONT AVE,Neighborway,395,479.4774982
516,W MAIN ST,Shared Lane Connection,396,480.6245503
517,S HANCOCK ST,Neighborway,397,255.4772734
518,SWAN ST,Neighborway,398,369.4861275
519,JOHNSONTOWN RD,Shared Lane Connection,399,1638.623791
520,S HANCOCK ST,Neighborway,400,255.7103898
521,S 8TH ST,Shared Lane Connection,401,662.0734604
522,W MADISON ST,Neighborway,402,480.8148262
523,ELLISON AVE,Neighborway,403,377.8743534
524,S 6TH ST,Bike Lane,404,512.2533185
525,LAMPTON ST,Neighborway,406,558.849906
526,HICKORY ST,Neighborway,407,362.9319529
527,W CHESTNUT ST,Bike Lane,408,400.8103979
528,W MAIN ST,Shared Lane Connection,409,242.8134911
529,W MAGNOLIA AVE,Neighborway,410,481.4319341
530,JOHNSONTOWN RD,Shared Lane Connection,411,980.2172571
531,S 2ND ST,Shared Lane Connection,412,1391.721749
532,S FLOYD ST,Shared Lane Connection,413,534.8553788
533,S 6TH ST,Bike Lane,414,651.4031422
534,S 6TH ST,Bike Lane,415,804.1049796
535,S 6TH ST,Shared Lane Connection,417,170.6549079
536,S 6TH ST,Bike Lane,418,811.0362538
537,S 6TH ST,Shared Lane Connection,419,420.659748
538,HICKORY ST,Neighborway,420,411.1606553
539,LAMPTON ST,Neighborway,421,152.2314837
540,W CHESTNUT ST,Bike Lane,422,431.5738663
541,JOHNSONTOWN RD,Shared Lane Connection,423,763.3761822
542,S 6TH ST,Bike Lane,424,265.2889044
543,YORK ST,Neighborway,426,484.3487079
544,S HANCOCK ST,Neighborway,427,252.2991594
545,S HANCOCK ST,Neighborway,428,401.6441708
546,W ORMSBY AVE,Neighborway,429,251.8573258
547,YORK ST,Neighborway,430,477.4632879
548,S 6TH ST,Shared Lane Connection,431,437.1881692
549,VERMONT AVE,Neighborway,432,336.9050605
550,S FLOYD ST,Shared Lane Connection,433,511.0430455
551,S BROOK ST,Shared Lane Connection,434,367.5447889
552,W MAIN ST,Shared Lane Connection,435,236.7939554
553,SWAN ST,Neighborway,436,632.7334295
554,S HANCOCK ST,Neighborway,437,401.5485621
555,SHELBYVILLE RD,Bike Lane,438,467.1055469
556,W MAGNOLIA AVE,Neighborway,439,477.3507233
557,S HANCOCK ST,Neighborway,440,236.0297633
558,W CHESTNUT ST,Bike Lane,441,479.337431
559,JOHNSONTOWN RD,Shared Lane Connection,442,366.1779702
560,W MUHAMMAD ALI BLVD,Bike Lane,443,404.8099472
561,W MADISON ST,Neighborway,444,479.5295425
562,N CLAY ST,Neighborway,446,519.5405364
563,W CHESTNUT ST,Bike Lane,447,103.1115641
564,W MUHAMMAD ALI BLVD,Bike Lane,448,479.4743807
565,S 6TH ST,Shared Lane Connection,451,800.758756
566,SHELBYVILLE RD,Bike Lane,452,333.1746649
567,N FLOYD ST,Shared Lane Connection,453,283.2491884
568,HICKORY ST,Neighborway,454,411.7067663
569,ELLISON AVE,Neighborway,455,54.96645215
570,ELLISON AVE,Neighborway,456,326.4910488
571,E ORMSBY AVE,Neighborway,457,583.067761
572,JOHNSONTOWN RD,Shared Lane Connection,458,378.3907414
573,S HANCOCK ST,Neighborway,459,394.0520168
574,W MADISON ST,Neighborway,460,399.4318728
575,W ORMSBY AVE,Neighborway,461,480.7807533
576,W MUHAMMAD ALI BLVD,Bike Lane,462,128.5267242
577,S 6TH ST,Shared Lane Connection,463,652.8299395
578,ELLISON AVE,Neighborway,464,383.3926493
579,S 2ND ST,Shared Lane Connection,465,478.6558859
580,W MARKET ST,Bike Lane,466,144.7594154
581,E ORMSBY AVE,Neighborway,467,584.742844
582,N FLOYD ST,Shared Lane Connection,468,472.766303
583,S 1ST ST,Shared Lane Connection,469,22.13158481
584,E MAGNOLIA AVE,Shared Lane Connection,470,242.6896602
585,LEXINGTON RD,Bike Lane,471,920.0087752
586,W MUHAMMAD ALI BLVD,Bike Lane,472,431.5332951
587,SWAN ST,Neighborway,473,220.1165751
588,E ORMSBY AVE,Neighborway,474,585.8842075
589,JOHNSONTOWN RD,Shared Lane Connection,475,331.7674595
590,HICKORY ST,Neighborway,476,362.1593957
591,S 1ST ST,Shared Lane Connection,477,390.6571768
592,DELOR AVE,Neighborway,478,329.3400424
593,W MADISON ST,Neighborway,479,478.6600633
594,HICKORY ST,Neighborway,480,177.41947
595,DELOR AVE,Neighborway,481,54.88364467
596,S 6TH ST,Shared Lane Connection,482,209.3337591
597,W MAIN ST,Shared Lane Connection,484,479.1435784
598,E ORMSBY AVE,Neighborway,485,584.8530116
599,W MAGNOLIA AVE,Neighborway,486,481.4257165
600,HICKORY ST,Neighborway,487,355.6685889
601,W MADISON ST,Neighborway,488,262.015585
602,LAMPTON ST,Neighborway,489,187.2708463
603,LAMPTON ST,Neighborway,490,187.8577598
604,W MUHAMMAD ALI BLVD,Bike Lane,491,79.08424429
605,VERMONT AVE,Neighborway,492,593.6019209
606,W MADISON ST,Neighborway,493,480.1638324
607,S 6TH ST,Shared Lane Connection,494,794.5806038
608,LAMPTON ST,Neighborway,495,60.04498353
609,HICKORY ST,Neighborway,496,173.3020433
610,S FLOYD ST,Shared Lane Connection,497,461.1369757
611,W CHESTNUT ST,Bike Lane,498,128.278424
612,W MADISON ST,Neighborway,499,481.2375159
613,W MUHAMMAD ALI BLVD,Bike Lane,500,397.9193788
614,SWAN ST,Neighborway,501,312.0887031
615,W MUHAMMAD ALI BLVD,Bike Lane,502,402.1222058
616,W MAIN ST,Shared Lane Connection,503,480.4285871
617,S BROOK ST,Shared Lane Connection,504,690.9868226
618,S 6TH ST,Shared Lane Connection,505,430.4645254
619,CLARK MEMORIAL BRG,Shared Lane Connection,506,4496.774775
620,W MAIN ST,Shared Lane Connection,507,482.1976708
621,ZANE ST,Shared Lane Connection,508,528.8609179
622,S 8TH ST,Shared Lane Connection,509,357.8595007
623,S 2ND ST,Shared Lane Connection,510,795.6969625
624,W CHESTNUT ST,Bike Lane,511,479.8651648
625,S HANCOCK ST,Neighborway,512,44.03984408
626,SHELBYVILLE RD,Bike Lane,513,301.5649839
627,W MADISON ST,Neighborway,516,1217.384485
628,W MADISON ST,Neighborway,517,480.1684364
629,GRINSTEAD DR,Shared Use Path,518,479.1331305
630,S 2ND ST,Shared Lane Connection,519,668.9672954
631,GRINSTEAD DR,Shared Lane Connection,520,637.0758119
632,SPRATT ST,Neighborway,521,389.575758
633,LAMPTON ST,Neighborway,522,99.78782768
634,LAMPTON ST,Neighborway,523,188.7229857
635,JOHNSONTOWN RD,Shared Lane Connection,524,93.51948644
636,S BROOK ST,Shared Lane Connection,525,391.8663154
637,ELLISON AVE,Neighborway,526,664.3407926
638,HICKORY ST,Neighborway,527,380.4284443
639,SPRATT ST,Neighborway,528,390.3702593
640,S 7TH ST,Shared Lane Connection,529,286.1601333
641,E ORMSBY AVE,Neighborway,530,558.3597382
642,W MAGNOLIA AVE,Neighborway,531,483.0057579
643,SWAN ST,Neighborway,532,508.8031681
644,E ORMSBY AVE,Neighborway,533,632.6683718
645,S 8TH ST,Shared Lane Connection,534,289.6940524
646,YORK ST,Neighborway,535,240.6573213
647,N 6TH ST,Bike Lane,536,239.9468272
648,S 8TH ST,Shared Lane Connection,537,310.3318436
649,ELLISON AVE,Neighborway,538,355.8235338
650,LAMPTON ST,Neighborway,539,585.1461956
651,S 6TH ST,Bike Lane,540,908.4273734
652,VERMONT AVE,Neighborway,541,811.2659841
653,YORK ST,Neighborway,543,237.8256802
654,S HANCOCK ST,Neighborway,544,256.1226056
655,S 6TH ST,Bike Lane,545,244.7648737
656,GRINSTEAD DR,Shared Lane Connection,547,457.5188003
657,W MADISON ST,Neighborway,548,784.0671998
658,LAMPTON ST,Neighborway,549,379.783116
659,S 6TH ST,Shared Lane Connection,550,456.9202487
660,SPRATT ST,Neighborway,551,391.4813283
661,LAMPTON ST,Neighborway,553,84.76780705
662,S 6TH ST,Shared Lane Connection,554,132.8320178
663,S HANCOCK ST,Neighborway,555,238.9399517
664,N 6TH ST,Bike Lane,556,407.9756751
665,S 7TH ST,Shared Lane Connection,557,122.853269
666,W CHESTNUT ST,Bike Lane,558,477.590535
667,SWAN ST,Neighborway,559,379.4768407
668,S 6TH ST,Shared Lane Connection,560,418.0529318
669,VERMONT AVE,Neighborway,561,979.213953
670,YORK ST,Neighborway,562,485.8441288
671,S HANCOCK ST,Neighborway,563,254.568291
672,S 8TH ST,Shared Lane Connection,564,480.2629797
673,SWAN ST,Neighborway,565,400.2589561
674,S 6TH ST,Bike Lane,566,170.0332163
675,W ORMSBY AVE,Neighborway,567,229.1834254
676,S 1ST ST,Shared Lane Connection,568,666.0208301
677,HICKORY ST,Neighborway,569,328.375834
678,W ORMSBY AVE,Neighborway,570,479.2240603
679,SWAN ST,Neighborway,571,375.3947245
680,W MADISON ST,Neighborway,572,698.3026411
681,E MAGNOLIA AVE,Shared Lane Connection,573,238.4407256
682,W MARKET ST,Bike Lane,574,245.9529294
683,EASTERN PKY,Bike Lane,575,2344.085726
684,N SPRING ST,Bike Lane,576,1030.177546
685,LANNAN PARK,Shared Use Path,578,2250.534448
686,LANNAN PARK,Shared Use Path,579,245.2740416
687,LANNAN PARK,Shared Use Path,580,801.8299492
688,SHAWNEE PARK,Shared Use Path,581,2454.149597
689,BIG FOUR BRIDGE,Shared Use Path,582,4517.043646
690,BOWMAN FIELD,Shared Use Path,583,2905.87466
691,LOUISVILLE LOOP,Shared Use Path,584,1041.175821
692,CHEROKEE PARK,Offroad Trail,585,2340.278923
693,CHEROKEE PARK,Offroad Trail,586,1160.696108
694,CHEROKEE PARK,Offroad Trail,587,338.8576332
695,CHEROKEE PARK,Offroad Trail,588,1663.888594
696,CHEROKEE PARK,Offroad Trail,589,299.392592
697,CHEROKEE PARK,Offroad Trail,590,827.0433041
698,CHEROKEE PARK,Offroad Trail,591,2166.182566
699,CHEROKEE PARK,Offroad Trail,592,93.28758823
700,CHEROKEE PARK,Offroad Trail,593,4059.146845
701,CHEROKEE PARK,Offroad Trail,594,163.0838066
702,CHEROKEE PARK,Offroad Trail,595,977.1734118
703,CHEROKEE PARK,Offroad Trail,596,5912.456158
704,CHEROKEE PARK,Offroad Trail,597,2215.577469
705,CHEROKEE PARK,Offroad Trail,598,1750.912567
706,CHEROKEE PARK,Offroad Trail,599,2160.287106
707,CHEROKEE PARK,Offroad Trail,600,1102.471552
708,CHEROKEE PARK,Offroad Trail,601,2251.451635
709,CHEROKEE PARK,Offroad Trail,602,890.8057795
710,CHEROKEE PARK,Offroad Trail,603,823.0680337
711,CHEROKEE PARK,Offroad Trail,604,1461.918533
712,CHEROKEE PARK,Offroad Trail,605,733.2009526
713,CHEROKEE PARK,Offroad Trail,606,557.1390375
714,CHEROKEE PARK,Offroad Trail,607,680.5934041
715,CHEROKEE PARK,Offroad Trail,608,382.9902385
716,CHEROKEE PARK,Offroad Trail,609,2045.928021
717,CHEROKEE PARK,Offroad Trail,610,1262.607359
718,CHEROKEE PARK,Offroad Trail,611,138.6226026
719,CHEROKEE PARK,Offroad Trail,612,1644.313847
720,CHEROKEE PARK,Offroad Trail,613,3157.59165
721,SENECA PARK,Offroad Trail,614,2271.740695
722,SENECA PARK,Offroad Trail,615,5081.904573
723,SENECA PARK,Offroad Trail,616,780.2031512
724,SENECA PARK,Offroad Trail,617,1056.92014
725,SENECA PARK,Offroad Trail,618,19.08533088
726,SENECA PARK,Offroad Trail,619,176.5788607
727,SENECA PARK,Offroad Trail,620,23.90055515
728,SENECA PARK,Offroad Trail,621,728.5999595
729,SENECA PARK,Offroad Trail,622,80.77709574
730,SENECA PARK,Offroad Trail,623,2126.348835
731,SENECA PARK,Offroad Trail,624,3629.642003
732,SENECA PARK,Offroad Trail,625,252.7570304
733,SENECA PARK,Offroad Trail,626,2165.348594
734,SENECA PARK,Offroad Trail,627,3059.072985
735,SENECA PARK,Offroad Trail,628,77.13188617
736,SENECA PARK,Offroad Trail,629,4326.746922
737,SENECA PARK,Shared Use Path,630,2553.411338
738,S BROOK ST,Bike Lane,631,96.87091447
739,S BROOK ST,Bike Lane,632,430.1351787
740,IOWA AVE,Bike Lane,633,478.9060764
741,ST MATTHEWS AVE,Shared Lane Connection,634,789.5016243
742,WILLIS AVE,Shared Lane Connection,635,231.3689875
743,RIDGEWAY AVE,Shared Lane Connection,636,177.591422
744,WESTPORT RD,Shared Lane Connection,637,105.7671974
745,WESTPORT RD,Shared Lane Connection,638,1242.27696
746,WILLIS AVE,Shared Lane Connection,639,451.4226123
747,WESTPORT RD,Shared Lane Connection,640,408.7186295
748,WESTPORT RD,Shared Lane Connection,641,99.73990627
749,WESTPORT RD,Shared Lane Connection,642,284.1268066
750,WESTPORT RD,Shared Lane Connection,643,472.9187914
751,BAUER AVE,Neighborway,644,747.9576782
752,BAUER AVE,Neighborway,645,526.6994955
753,MACON AVE,Neighborway,646,578.8047853
754,WILMINGTON AVE,Neighborway,647,324.262838
755,MACON AVE,Neighborway,648,422.8753543
756,MACON AVE,Neighborway,649,401.0949255
757,MERIDIAN AVE,Neighborway,650,401.8094959
758,MERIDIAN AVE,Neighborway,651,397.2237072
759,MACON AVE,Neighborway,652,338.8241395
760,MACON AVE,Neighborway,653,295.4522952
761,MACON AVE,Neighborway,654,373.3529408
762,MACON AVE,Neighborway,655,472.1997322
763,S SHERRIN AVE,Neighborway,656,331.8198983
764,S SHERRIN AVE,Neighborway,657,395.3279018
765,S SHERRIN AVE,Neighborway,658,314.34531
766,S SHERRIN AVE,Neighborway,659,314.5287158
767,S SHERRIN AVE,Neighborway,660,383.2582024
768,MACON AVE,Neighborway,661,401.1869958
769,MACON AVE,Neighborway,662,377.1800991
770,MONOHAN DR,Neighborway,663,942.5060985
771,S SHERRIN AVE,Neighborway,664,716.3820177
772,MONOHAN DR,Neighborway,665,1515.826827
773,S SHERRIN AVE,Neighborway,666,350.829452
774,MACON AVE,Neighborway,667,319.5685319
775,MACON AVE,Neighborway,668,247.4243584
776,MACON AVE,Neighborway,669,352.2051333
777,MACON AVE,Neighborway,670,377.0277938
778,MACON AVE,Neighborway,671,359.9922314
779,HYCLIFFE AVE,Neighborway,672,144.690348
780,S SHERRIN AVE,Neighborway,673,117.7553548
781,HILLSBORO RD,Neighborway,674,217.9912158
782,ALTON RD,Neighborway,675,335.608268
783,HILLSBORO RD,Neighborway,676,449.8237772
784,ALTON RD,Neighborway,677,1278.639674
785,HILLSBORO RD,Neighborway,678,156.8262966
786,ALTON RD,Neighborway,679,459.302033
787,HILLSBORO RD,Neighborway,680,841.2122046
788,HILLSBORO RD,Neighborway,681,900.5561762
789,NORBOURNE BLVD,Neighborway,682,499.6429432
790,NORBOURNE BLVD,Neighborway,683,727.5466756
791,NORBOURNE BLVD,Neighborway,684,315.124044
792,NORBOURNE BLVD,Neighborway,685,630.8671772
793,NORBOURNE BLVD,Neighborway,686,590.3606984
794,NANZ AVE,Neighborway,687,435.7303584
795,NANZ AVE,Neighborway,688,440.9137011
796,NANZ AVE,Neighborway,689,474.3065529
797,NANZ AVE,Neighborway,670,311.9198196
798,CANTERBURY LN,Neighborway,671,417.9759371
799,NANZ AVE,Neighborway,672,521.2899866
800,NANZ AVE,Neighborway,673,861.4282138
801,CANTERBURY LN,Neighborway,674,208.3075849
802,NANZ AVE,Neighborway,675,1466.30585
803,CANTERBURY LN,Neighborway,676,267.3952234
804,NANZ AVE,Neighborway,677,309.421346
805,HUNTINGTON RD,Neighborway,678,365.2426658
806,ALDEN RD,Neighborway,679,649.0938411
807,OLD CANNONS LN,Neighborway,680,147.5543322
808,ALDEN RD,Neighborway,681,392.9131317
809,OLD CANNONS LN,Neighborway,682,927.156458
810,OLD CANNONS LN,Neighborway,683,341.0942794
811,PARK HILLS DR,Neighborway,684,869.3473103
812,PARK HILLS DR,Neighborway,685,425.9691737
813,SENECA PARK RD,Neighborway,686,879.4644329
814,S 4TH ST,Bike Lane,687,2062.917718
815,DELOR AVE,Neighborway,688,82.43487648
816,DELOR AVE,Neighborway,689,207.3836065
817,DELOR AVE,Neighborway,690,352.9113239
818,DELOR AVE,Neighborway,691,409.9078357
819,DELOR AVE,Neighborway,692,336.2041095
820,DELOR AVE,Neighborway,693,298.9689935
821,DELOR AVE,Neighborway,694,415.4571151
822,DELOR AVE,Neighborway,695,370.1322702
823,DELOR AVE,Neighborway,696,703.0413326
824,THRUSTON AVE,Neighborway,697,646.6504809
825,THRUSTON AVE,Neighborway,698,350.0258776
826,THRUSTON AVE,Neighborway,699,249.450113
827,THRUSTON AVE,Neighborway,700,304.7665297
828,THRUSTON AVE,Neighborway,701,381.0072105
829,THRUSTON AVE,Neighborway,702,699.071894
830,THRUSTON AVE,Neighborway,703,101.1317182
831,THRUSTON AVE,Neighborway,704,304.6928219
832,PINDELL AVE,Neighborway,705,547.8786482
833,PINDELL AVE,Neighborway,706,1095.617962
834,PINDELL AVE,Neighborway,707,758.6081573
835,S 13TH ST,Bike Lane,708,262.9387234
836,S 13TH ST,Bike Lane,709,257.7377375
837,S 12TH ST,Bike Lane,710,1504.010614
838,S 13TH ST,Bike Lane,711,401.42225
839,S 12TH ST,Bike Lane,712,476.0896783
840,12TH STREET CONNECTOR,Bike Lane,713,464.3094726
841,S 13TH ST,Bike Lane,714,284.9883551
842,12TH STREET CONNECTOR,Bike Lane,715,485.7610422
843,S 13TH ST,Bike Lane,716,225.7356208
844,S 12TH ST,Bike Lane,717,482.7097819
845,S 13TH ST,Bike Lane,718,218.6905525
846,S 13TH ST,Bike Lane,719,401.0883182
847,S 13TH ST,Bike Lane,720,255.7413028
848,12TH STREET CONNECTOR,Bike Lane,721,246.9228752
849,W KENTUCKY ST,Bike Lane,722,526.543164
850,W KENTUCKY ST,Bike Lane,723,505.430114
851,W KENTUCKY ST,Bike Lane,724,888.9592018
852,S 7TH ST,Shared Lane Connection,725,256.5045146
853,N 7TH ST,Shared Lane Connection,726,293.0126135
854,S 7TH ST,Shared Lane Connection,727,254.5096575
855,S 7TH ST,Shared Lane Connection,728,265.8103005
856,S 7TH ST,Shared Lane Connection,729,244.9841452
857,N 7TH ST,Shared Lane Connection,730,241.7296109
858,EVERETT AVE,Neighborway,731,819.2871438
859,EVERETT AVE,Neighborway,732,317.6385687
860,EVERETT AVE,Neighborway,733,871.8854052
861,EVERETT AVE,Neighborway,734,547.811674
862,EVERETT AVE,Neighborway,735,431.9405056
863,EVERETT AVE,Neighborway,736,659.7335582
864,BONNYCASTLE AVE,Neighborway,737,859.3265315
865,BONNYCASTLE AVE,Neighborway,738,246.2990041
866,SHADY LN,Neighborway,739,739.1821161
867,BONNYCASTLE AVE,Neighborway,740,341.7418892
868,BONNYCASTLE AVE,Neighborway,741,36.3049124
869,BONNYCASTLE AVE,Neighborway,742,547.0166758
870,BONNYCASTLE AVE,Neighborway,743,274.1911058
871,SHADY LN,Neighborway,744,544.5260923
872,BONNYCASTLE AVE,Neighborway,745,682.1319442
873,BONNYCASTLE AVE,Neighborway,746,485.462113
874,BONNYCASTLE AVE,Neighborway,747,245.6612288
875,FERNWOOD AVE,Neighborway,748,189.8559352
876,FERNWOOD AVE,Neighborway,749,108.6810786
877,FERNWOOD AVE,Neighborway,750,236.2036962
878,ROSEDALE AVE,Neighborway,751,413.2922904
879,FERNWOOD AVE,Neighborway,752,335.1831242
880,FERNWOOD AVE,Neighborway,753,442.2382891
881,FERNWOOD AVE,Neighborway,754,44.19183379
882,FERNWOOD AVE,Neighborway,755,244.5097127
883,FERNWOOD AVE,Neighborway,756,215.9693845
884,FERNWOOD AVE,Neighborway,757,224.4111883
885,FERNWOOD AVE,Neighborway,758,261.5156354
886,FERNWOOD AVE,Neighborway,759,136.7130809
887,ROANOKE AVE,Neighborway,760,425.3623219
888,PRINCETON DR,Neighborway,761,834.8527547
889,BOULEVARD NAPOLEON,Neighborway,762,375.8117981
890,BOULEVARD NAPOLEON,Neighborway,763,375.3160126
891,BOULEVARD NAPOLEON,Neighborway,764,373.6374387
892,DUKER AVE,Neighborway,765,967.0541493
893,BONNYCASTLE AVE,Neighborway,766,738.9369858
894,W ORMSBY AVE,Neighborway,767,720.1674772
895,W ORMSBY AVE,Neighborway,768,701.0431177
896,N 4TH ST,Bike Lane,769,758.848862
897,TAYLOR AVE,Neighborway,770,435.4084262
898,TAYLOR AVE,Neighborway,771,436.6956745
899,TAYLOR AVE,Neighborway,772,272.6970386
900,TAYLOR AVE,Neighborway,773,831.0271102
901,TAYLOR AVE,Neighborway,774,424.4768891
902,TAYLOR AVE,Neighborway,775,537.9311527
903,TAYLOR AVE,Neighborway,776,457.4343131
904,TAYLOR AVE,Neighborway,777,437.5544669
905,TAYLOR AVE,Neighborway,778,315.5213858
906,W KENTUCKY ST,Neighborway,779,690.4748901
907,W KENTUCKY ST,Neighborway,780,807.6063559
908,W KENTUCKY ST,Neighborway,781,600.0444344
909,W KENTUCKY ST,Neighborway,782,506.7168405
910,W KENTUCKY ST,Neighborway,783,479.3650488
911,GREENWOOD AVE,Neighborway,784,600.1955272
912,GREENWOOD AVE,Neighborway,785,690.3340086
913,GREENWOOD AVE,Neighborway,786,748.3208025
914,GREENWOOD AVE,Neighborway,787,480.1882179
915,GREENWOOD AVE,Neighborway,788,488.6119972
916,W MAGNOLIA AVE,Neighborway,789,418.1472783
917,W MAGNOLIA AVE,Neighborway,790,410.9801572
918,S 11TH ST,Neighborway,791,441.146195
919,W MAGNOLIA AVE,Neighborway,792,614.2266318
920,S 11TH ST,Neighborway,793,462.6314976
921,W MAGNOLIA AVE,Neighborway,794,478.8262701
922,W MAGNOLIA AVE,Neighborway,795,402.7994302
923,S 11TH ST,Neighborway,796,419.4206436
924,W ORMSBY AVE,Neighborway,797,760.3750686
925,W JEFFERSON ST,Bike Lane,798,215.7903991
926,W JEFFERSON ST,Bike Lane,799,218.8582303
927,W JEFFERSON ST,Bike Lane,800,380.7825099
928,W JEFFERSON ST,Bike Lane,801,154.6956848
929,W JEFFERSON ST,Bike Lane,802,949.5689235
930,W JEFFERSON ST,Bike Lane,803,478.6233893
931,W JEFFERSON ST,Bike Lane,804,480.5779999
932,W JEFFERSON ST,Bike Lane,805,480.884802
933,W JEFFERSON ST,Bike Lane,806,321.855561
934,W JEFFERSON ST,Bike Lane,807,480.7174929
935,W JEFFERSON ST,Bike Lane,808,485.8704932
936,W JEFFERSON ST,Bike Lane,809,629.5033593
937,W JEFFERSON ST,Bike Lane,810,264.0615215
938,W JEFFERSON ST,Bike Lane,811,162.5033059
939,W JEFFERSON ST,Bike Lane,812,677.5042494
940,E BURNETT AVE,Bike Lane,813,589.4104111
941,E HILL ST,Bike Lane,814,818.1588122
942,E HILL ST,Bike Lane,815,480.6205006
943,E HILL ST,Bike Lane,816,597.825357
944,W KENTUCKY ST,Neighborway,817,549.4497725
945,W KENTUCKY ST,Neighborway,818,304.0517348
946,W KENTUCKY ST,Neighborway,819,230.6125367
947,W KENTUCKY ST,Neighborway,820,276.6664285
948,PRENTICE ST,Neighborway,821,339.0471413
949,PRENTICE ST,Neighborway,822,227.2103848
950,PRENTICE ST,Neighborway,823,854.9606883
951,S 17TH ST,Neighborway,824,365.5940915
952,S 26TH ST,Neighborway,825,276.4729736
953,S 26TH ST,Neighborway,826,67.77417213
954,DUNCAN ST,Neighborway,827,322.425522
955,DUNCAN ST,Neighborway,827,187.2723419
956,DUNCAN ST,Neighborway,829,438.8149287
957,DUNCAN ST,Neighborway,830,394.7304861
958,DUNCAN ST,Neighborway,831,272.0309195
959,DUNCAN ST,Neighborway,832,290.7320918
960,DUNCAN ST,Neighborway,833,351.5392274
961,DUNCAN ST,Neighborway,834,529.3318676
962,DUNCAN ST,Neighborway,835,382.8198296
963,DUNCAN ST,Neighborway,836,415.5123247
964,DUNCAN ST,Neighborway,837,328.6395141
965,DUNCAN ST,Neighborway,838,380.1876456
966,DUNCAN ST,Neighborway,839,318.2555352
967,DUNCAN ST,Neighborway,840,259.9411967
968,DUNCAN ST,Neighborway,841,306.8754457
969,DUNCAN ST,Neighborway,842,250.585217
970,DUNCAN ST,Neighborway,843,307.2746278
971,W ORMSBY AVE,Neighborway,844,188.8375926
972,W ORMSBY AVE,Neighborway,845,555.6492604
973,W ORMSBY AVE,Neighborway,846,291.0991456
974,W ORMSBY AVE,Neighborway,847,257.1160906
975,W ORMSBY AVE,Neighborway,848,223.0893117
976,W ORMSBY AVE,Neighborway,849,480.2183758
977,W ORMSBY AVE,Neighborway,850,912.2341055
978,W ORMSBY AVE,Neighborway,851,1061.622364
979,W ORMSBY AVE,Neighborway,852,559.8916068
980,MULBERRY ST,Neighborway,853,703.831984
981,MULBERRY ST,Neighborway,854,561.7353202
982,MULBERRY ST,Neighborway,855,663.8811796
983,E WASHINGTON ST,Neighborway,856,538.5391522
984,E WASHINGTON ST,Neighborway,857,473.6473389
985,E WASHINGTON ST,Neighborway,858,586.1680265
986,E WASHINGTON ST,Neighborway,859,672.2126928
987,E WASHINGTON ST,Neighborway,860,384.4365832
988,E WASHINGTON ST,Neighborway,861,584.3910223
989,E WASHINGTON ST,Neighborway,862,530.5347737
990,E WASHINGTON ST,Neighborway,863,584.8632202
991,PAYNE ST,Neighborway,864,634.1696474
992,PAYNE ST,Neighborway,865,566.640957
993,PAYNE ST,Neighborway,866,561.9653846
994,PAYNE ST,Neighborway,867,1136.833043
995,PAYNE ST,Neighborway,868,594.6795946
996,PAYNE ST,Neighborway,869,345.0567007
997,PAYNE ST,Neighborway,870,218.9530832
998,RUBEL AVE,Neighborway,871,343.2849037
999,RUBEL AVE,Neighborway,872,276.5516239
1000,ST ANTHONY PL,Neighborway,873,314.2100718
1001,ST ANTHONY PL,Neighborway,874,284.437968
1002,EDWARD ST,Neighborway,875,283.1084926
1003,EDWARD ST,Neighborway,876,300.5810369
1004,EDWARD ST,Neighborway,877,368.0477741
1005,EDWARD ST,Neighborway,878,282.4914814
1006,EDWARD ST,Neighborway,879,403.5168519
1007,EDWARD ST,Neighborway,880,413.5608878
1008,RUFER AVE,Neighborway,881,564.0252108
1009,RUFER AVE,Neighborway,882,279.8008984
1010,RUFER AVE,Neighborway,883,79.27552409
1011,JULIA AVE,Neighborway,884,457.0218241
1012,JULIA AVE,Neighborway,885,384.1559591
1013,S SHELBY ST,Neighborway,886,95.4702609
1014,S SHELBY ST,Neighborway,887,186.7691063
1015,S SHELBY ST,Neighborway,888,275.6224432
1016,S SHELBY ST,Neighborway,889,86.97273581
1017,MERIWETHER AVE,Neighborway,890,407.4033771
1018,MERIWETHER AVE,Neighborway,891,414.4138244
1019,MERIWETHER AVE,Neighborway,892,698.1957007
1020,MERIWETHER AVE,Neighborway,893,708.1215837
1021,HIGHLAND AVE,Neighborway,894,486.221363
1022,HIGHLAND AVE,Neighborway,895,256.8037365
1023,HIGHLAND AVE,Neighborway,896,226.9818077
1024,HIGHLAND AVE,Neighborway,897,573.7893766
1025,HIGHLAND AVE,Neighborway,898,236.08492
1026,HIGHLAND AVE,Neighborway,899,243.3464332
1027,HIGHLAND AVE,Neighborway,900,565.2645745
1028,HIGHLAND AVE,Neighborway,901,278.5383289
1029,HIGHLAND AVE,Neighborway,902,276.4851236
1030,HIGHLAND AVE,Neighborway,903,1184.676117
1031,SCHILLER AVE,Neighborway,904,169.513464
1032,FERNWOOD AVE,Neighborway,905,50.46523005
1033,FERNWOOD AVE,Neighborway,906,176.7040291
1034,FERNWOOD AVE,Neighborway,907,156.328035
1035,AMY AVE,Neighborway,908,398.839795
1036,AMY AVE,Neighborway,909,418.8592038
1037,AMY AVE,Neighborway,910,403.6417159
1038,HERMAN ST,Neighborway,911,387.2474668
1039,S 38TH ST,Neighborway,912,366.048761
1040,N 38TH ST,Neighborway,913,663.0696519
1041,N 38TH ST,Neighborway,914,54.5760114
1042,S 38TH ST,Neighborway,915,649.7770752
1043,S 38TH ST,Neighborway,916,369.606715
1044,S 19TH ST,Shared Lane Connection,917,46.90023269
1045,S FLOYD ST,Bike Lane,918,1474.733545
1046,LOUISVILLE LOOP,Shared Use Path,919,271.4078554
1047,LOUISVILLE LOOP,Shared Use Path,920,3577.920396
1048,LOUISVILLE LOOP,Shared Use Path,921,7321.114476
1049,LOUISVILLE LOOP,Shared Use Path,922,2134.212875
1050,LOUISVILLE LOOP,Shared Use Path,923,2885.560771
1051,LOUISVILLE LOOP,Shared Use Path,924,1642.336102
1052,LOUISVILLE LOOP,Shared Use Path,925,2822.60777
1053,LOUISVILLE LOOP,Shared Use Path,926,1733.776651
1054,LOUISVILLE LOOP,Shared Use Path,927,35392.9353
1055,LOUISVILLE LOOP,Shared Use Path,928,3546.929474
1056,LOUISVILLE LOOP,Shared Use Path,929,9817.470255
1057,LOUISVILLE LOOP,Shared Use Path,930,14037.13206
1058,LOUISVILLE LOOP,Shared Use Path,931,5458.125655
1059,LOUISVILLE LOOP,Shared Use Path,932,10812.49098
1060,LOUISVILLE LOOP,Shared Use Path,933,20868.60422
1061,LOUISVILLE LOOP,Shared Use Path,934,435.0770704
1062,LOUISVILLE LOOP,Shared Use Path,935,9871.79157
1063,LOUISVILLE LOOP,Shared Use Path,936,1021.951355
1064,LOUISVILLE LOOP,Shared Use Path,937,8634.321783
1065,LOUISVILLE LOOP,Shared Use Path,938,63872.54665
1066,LOUISVILLE LOOP,Shared Use Path,939,29022.67398
1067,S 32ND ST,Neighborway,940,520.2586938
1068,S 32ND ST,Neighborway,941,227.7993378
1069,S 32ND ST,Neighborway,942,306.039896
1070,DEL PARK TER,Neighborway,943,791.2597408
1071,DIXIE HWY,Neighborway,944,131.9627913
1072,S 32ND ST,Neighborway,945,490.2623738
1073,S 30TH ST,Neighborway,946,402.6117276
1074,DIXIE HWY,Neighborway,947,112.1420542
1075,S 32ND ST,Neighborway,948,490.5315149
1076,S 32ND ST,Neighborway,949,478.9707222
1077,S 32ND ST,Neighborway,950,266.4719298
1078,S 30TH ST,Neighborway,951,480.0439003
1079,MAGAZINE ST,Neighborway,952,479.2379832
1080,S 32ND ST,Neighborway,953,249.6352913
1081,S 32ND ST,Neighborway,954,520.2586475
1082,S 32ND ST,Neighborway,955,1548.851636
1083,S 32ND ST,Neighborway,956,597.4487025
1084,S 32ND ST,Neighborway,957,491.0457027
1085,S 32ND ST,Neighborway,958,491.1119373
1086,S 32ND ST,Neighborway,959,770.5861927
1087,S 35TH ST,Neighborway,960,383.9848552
1088,S 32ND ST,Neighborway,961,488.6083919
1089,DR WILLIAM G WEATHERS DR,Neighborway,962,601.8546282
1090,DR WILLIAM G WEATHERS DR,Neighborway,963,144.9460903
1091,DR WILLIAM G WEATHERS DR,Neighborway,964,239.374111
1092,S 32ND ST,Neighborway,965,492.907012
1093,S 35TH ST,Neighborway,966,284.531605
1094,S 35TH ST,Neighborway,967,302.1581112
1095,S 35TH ST,Neighborway,968,88.46510891
1096,S 35TH ST,Neighborway,969,328.1709144
1097,S 35TH ST,Neighborway,970,69.01839347
1098,S 32ND ST,Neighborway,971,770.3437446
1099,DR WILLIAM G WEATHERS DR,Neighborway,972,343.000976
1100,S 35TH ST,Neighborway,973,114.790463
1101,DR WILLIAM G WEATHERS DR,Neighborway,974,297.715038
1102,S 35TH ST,Neighborway,975,164.1127333
1103,S 35TH ST,Neighborway,976,263.6856291
1104,DR WILLIAM G WEATHERS DR,Neighborway,977,181.3392708
1105,S 23RD ST,Neighborway,978,332.7520802
1106,S 23RD ST,Neighborway,979,334.8581497
1107,S 23RD ST,Neighborway,980,796.7525912
1108,S 23RD ST,Neighborway,981,302.5855259
1109,S 23RD ST,Neighborway,982,335.3618823
1110,S 23RD ST,Neighborway,983,334.9684322
1111,S 23RD ST,Neighborway,984,341.6716379
1112,S 23RD ST,Neighborway,985,439.5099675
1113,S 25TH ST,Neighborway,986,121.8088483
1114,STANDARD AVE,Neighborway,987,261.5144396
1115,STANDARD AVE,Neighborway,988,142.81847
1116,WOODLAND AVE,Neighborway,989,553.5413208
1117,S 25TH ST,Neighborway,990,379.609965
1118,STANDARD AVE,Neighborway,991,148.3610317
1119,DIXIE HWY,Shared Lane Connection,992,125.2891197
1120,E BRANDEIS AVE,Shared Lane Connection,993,433.2640924
1121,ADAMS ST,Shared Lane Connection,994,46.78454332
1122,ADAMS ST,Shared Lane Connection,995,192.8176855
1123,ADAMS ST,Shared Lane Connection,996,190.7388214
1124,ADAMS ST,Shared Lane Connection,997,162.3245621
1125,BARRET AVE,Shared Use Path,998,94.65866805
1126,CASTLEWOOD AVE,Buffered Bike Lane,999,564.6514098
1127,BARRET AVE,Shared Use Path,1000,502.7813288
1128,CASTLEWOOD AVE,Buffered Bike Lane,1001,654.3203587
1129,BARRET AVE,Shared Use Path,1002,842.5700371
1130,BARRET AVE,Shared Use Path,1003,174.131852
1131,STILZ AVE,Bike Lane,1004,571.2158259
1132,E WITHERSPOON ST,Shared Use Path,1009,3413.056144
1133,ADAMS ST,Bike Lane,1010,118.4101013
1134,ADAMS ST,Bike Lane,1011,502.9511119
1135,ADAMS ST,Bike Lane,1012,921.6493205
1136,ADAMS ST,Bike Lane,1013,1440.692358
1137,LEXINGTON RD,Bike Lane,1014,920.0087752
1138,LEXINGTON RD,Bike Lane,1015,188.7528095
1139,LEXINGTON RD,Bike Lane,1016,669.8124591
1140,LEXINGTON RD,Bike Lane,1017,4590.564393
1141,WILTSHIRE AVE,Shared Lane Connection,1018,398.9446806
1142,WILLIS AVE,Shared Lane Connection,1019,312.4200208
1143,WILTSHIRE AVE,Shared Lane Connection,1020,403.2122051
1144,ADAMS ST,Bike Lane,1021,415.4742059
1145,VETERANS PARK,Shared Use Path,1022,596.8904187
1146,VETERANS PARK,Shared Use Path,1023,707.9055521
1147,VETERANS PARK,Shared Use Path,1024,1571.725063
1148,CHENOWETH RUN,Shared Use Path,1025,914.1723402
1149,SKYVIEW PARK,Shared Use Path,1026,3524.768222
1150,GRASSLAND DR,Shared Use Path,1027,3290.959953
1151,S 12TH ST,Bike Lane,1028,419.6956502
1152,S 12TH ST,Bike Lane,1029,391.7826413
1153,S 12TH ST,Bike Lane,1030,383.4597352
1154,S 12TH ST,Bike Lane,1031,471.5744128
1155,S 12TH ST,Bike Lane,1032,444.9541915
1156,S 12TH ST,Bike Lane,1033,413.0051853
1157,S 12TH ST,Bike Lane,1034,420.5880054
1158,S 12TH ST,Bike Lane,1035,419.0448589
1159,S 12TH ST,Bike Lane,1036,440.0196743
1160,S 12TH ST,Bike Lane,1037,536.5550419
1161,S 12TH ST,Bike Lane,1038,601.8781634
1162,RUNDILL RD,Shared Use Path,1039,1493.366031
1163,RUNDILL RD,Shared Use Path,1040,143.6715243
1164,RUNDILL RD,Shared Use Path,1042,1310.989263
1165,RUNDILL RD,Shared Use Path,1043,1624.692307
1166,RUNDILL RD,Shared Use Path,1044,5109.93623
1167,RUNDILL RD,Shared Use Path,1045,2147.862878
1168,RUNDILL RD,Shared Use Path,1046,1355.907057
1169,S 6TH ST,Bike Lane,1047,928.0794305
1170,GRINSTEAD DR,Shared Lane Connection,1048,364.7968359
1171,LOUISVILLE LOOP,Shared Use Path,1049,7458.357339
1172,SCENIC LOOP,Shared Use Path,1050,2110.809036
1173,SCENIC LOOP,Shared Use Path,1051,1996.410847
1174,CHEROKEE PARK,Shared Use Path,1052,1537.252751
1175,CHEROKEE PARK,Shared Use Path,1053,1447.222313
1176,CHEROKEE PARK,Shared Use Path,1054,671.46415
1177,CHEROKEE PARK,Shared Use Path,1055,1584.974225
1178,CHEROKEE PARK,Shared Use Path,1056,415.5293512
1179,CHEROKEE PARK,Shared Use Path,1057,78.88139173
1180,CHEROKEE PARK,Shared Use Path,1058,185.6216114
1181,CHEROKEE PARK,Shared Use Path,1059,216.2790506
1182,CHEROKEE PARK,Shared Use Path,1060,135.2253145
1183,CHEROKEE PARK,Shared Use Path,1061,252.1890017
1184,CHEROKEE PARK,Shared Use Path,1062,93.84772289
1185,CHEROKEE PARK,Shared Use Path,1063,256.2199762
1186,CHEROKEE PARK,Shared Use Path,1064,36.25865134
1187,CHEROKEE PARK,Shared Use Path,1065,2524.615356
1188,CHEROKEE PARK,Shared Use Path,1066,1117.421797
1189,CHEROKEE PARK,Offroad Trail,1067,1066.396932
1190,CHEROKEE PARK,Offroad Trail,1068,735.9378969
1191,IROQUOIS PARK,Offroad Trail,1069,1762.20057
1192,IROQUOIS PARK,Offroad Trail,1070,2582.743771
1193,IROQUOIS PARK,Offroad Trail,1071,2992.955796
1194,IROQUOIS PARK,Offroad Trail,1072,954.1308233
1195,IROQUOIS PARK,Offroad Trail,1073,353.7544253
1196,IROQUOIS PARK,Offroad Trail,1074,2838.249356
1197,BROAD RUN,Shared Use Path,1075,1593.473963
1198,BROAD RUN,Shared Use Path,1076,536.087424
1199,BROAD RUN,Shared Use Path,1077,528.1586993
1200,BROAD RUN,Shared Use Path,1078,485.6918515
1201,BROAD RUN,Shared Use Path,1079,446.0157539
1202,BROAD RUN,Shared Use Path,1080,4453.852785
1203,BROAD RUN,Shared Use Path,1081,95.15206373
1204,BROAD RUN,Shared Use Path,1082,270.3362518
1205,BECKLEY CREEK PARK,Shared Use Path,1083,1545.628043
1206,BECKLEY CREEK PARK,Shared Use Path,1084,818.443316
1207,BECKLEY CREEK PARK,Shared Use Path,1085,113.1716649
1208,BECKLEY CREEK PARK,Shared Use Path,1086,3610.4971
1209,LOUISVILLE LOOP,Shared Use Path,1087,8926.942428
1210,BECKLEY CREEK PARK,Shared Use Path,1088,111.8447701
1211,BECKLEY CREEK PARK,Shared Use Path,1089,109.2701472
1212,BECKLEY CREEK PARK,Shared Use Path,1090,347.2922823
1213,BECKLEY CREEK PARK,Shared Use Path,1091,199.1499921
1214,BECKLEY CREEK PARK,Shared Use Path,1092,103.4473333
1215,BECKLEY CREEK PARK,Shared Use Path,1093,1049.676988
1216,BECKLEY CREEK PARK,Shared Use Path,1094,98.59798872
1217,LOUISVILLE LOOP,Shared Use Path,1095,1590.24394
1218,BECKLEY CREEK PARK,Shared Use Path,1096,5890.236562
1219,BECKLEY CREEK PARK,Shared Use Path,1097,1107.71925
1220,BECKLEY CREEK PARK,Shared Use Path,1098,2183.441403
1221,BECKLEY CREEK PARK,Shared Use Path,1099,237.7848942
1222,BECKLEY CREEK PARK,Shared Use Path,1100,641.6546045
1223,BECKLEY CREEK PARK,Shared Use Path,1101,588.228029
1224,BECKLEY CREEK PARK,Shared Use Path,1102,1032.537971
1225,BECKLEY CREEK PARK,Shared Use Path,1103,225.3635677
1226,BECKLEY CREEK PARK,Shared Use Path,1104,823.7902539
1227,BECKLEY CREEK PARK,Shared Use Path,1105,2774.343827
1228,SENECA PARK,Shared Use Path,1106,3667.46964
1229,SENECA PARK,Shared Use Path,1107,710.8417635
1230,SENECA PARK,Shared Use Path,1108,165.3229464
1231,BOWMAN FIELD,Shared Use Path,1109,7797.002284
1232,SENECA PARK LOOP,Shared Use Path,1110,6354.695267
1233,SENECA PARK LOOP,Shared Use Path,1111,79.61386533
1234,SENECA PARK LOOP,Shared Use Path,1112,47.32980563
1235,SENECA PARK LOOP,Shared Use Path,1113,100.9387127
1236,SHAWNEE PARK,Shared Use Path,1114,341.2717912
1237,SHAWNEE PARK,Shared Use Path,1115,3594.253804
1238,SHAWNEE PARK RD,Shared Lane Connection,1116,173.3875786
1239,SHAWNEE PARK RD,Shared Lane Connection,1117,718.437652
1240,SHAWNEE PARK RD,Shared Lane Connection,1118,693.0077668
1241,SHAWNEE PARK RD,Shared Lane Connection,1119,649.9504312
1242,DIRTBOWL DR,Shared Lane Connection,1120,1759.153213
1243,SHAWNEE PARK RD,Shared Lane Connection,1121,238.7632325
1244,SHAWNEE LOOP RD,Shared Lane Connection,1122,695.1687534
1245,SHAWNEE PARK,Shared Use Path,1123,327.2191674
1246,SHAWNEE PARK,Shared Use Path,1124,1717.515581
1247,SHAWNEE PARK,Shared Use Path,1125,1424.46219
1248,SHAWNEE PARK,Shared Use Path,1126,271.9496757
1249,SHAWNEE PARK,Shared Use Path,1127,2646.97127
1250,SHAWNEE PARK,Shared Use Path,1128,433.6785498
1251,SHAWNEE PARK,Shared Use Path,1129,375.6300158
1252,SHAWNEE PARK,Shared Use Path,1130,701.5955919
1253,SHAWNEE PARK,Shared Use Path,1131,90.94491171
1254,SHAWNEE PARK,Shared Use Path,1132,267.5495603
1255,SHAWNEE PARK,Shared Use Path,1133,250.2841005
1256,SHAWNEE PARK,Shared Use Path,1134,535.4915114
1257,SHAWNEE PARK,Shared Use Path,1135,773.4016293
1258,SHAWNEE PARK,Shared Use Path,1136,1199.695578
1259,SHAWNEE CROSSROADS,Shared Use Path,1137,373.6269856
1260,SHAWNEE PARK,Shared Use Path,1138,727.790254
1261,SHAWNEE PARK,Shared Use Path,1139,238.7867733
1262,SHAWNEE PARK,Shared Use Path,1140,50.189634
1263,S 13TH ST,Bike Lane,1141,255.8267942
1264,N 13TH ST,Bike Lane,1142,491.5387794
1265,S 13TH ST,Bike Lane,1143,255.3934746
1266,W MARKET ST,Shared Lane Connection,1144,359.3108255
1267,W MARKET ST,Shared Lane Connection,1145,76.98662666
1268,W MARKET ST,Shared Lane Connection,1146,212.2203182
1269,W MARKET ST,Shared Lane Connection,1147,212.0433609
1270,W MARKET ST,Shared Lane Connection,1148,198.264914
1271,W MARKET ST,Shared Lane Connection,1149,49.24900066
1272,W MARKET ST,Shared Lane Connection,1150,166.4298527
1273,W MARKET ST,Shared Lane Connection,1151,244.803057
1274,W MARKET ST,Shared Lane Connection,1152,229.2881803
1275,W MARKET ST,Shared Lane Connection,1153,131.2701742
1276,W MARKET ST,Shared Lane Connection,1154,165.0324113
1277,W MARKET ST,Shared Lane Connection,1155,239.7502802
1278,W MARKET ST,Shared Lane Connection,1156,392.9982523
1279,W MARKET ST,Shared Lane Connection,1157,108.1410983
1280,W MARKET ST,Shared Lane Connection,1158,399.8974587
1281,W MARKET ST,Shared Lane Connection,1159,209.0069444
1282,W MARKET ST,Shared Lane Connection,1160,119.1399327
1283,W MARKET ST,Shared Lane Connection,1161,102.9456293
1284,W MARKET ST,Shared Lane Connection,1162,86.86409532
1285,W MARKET ST,Shared Lane Connection,1163,380.7436079
1286,W MARKET ST,Shared Lane Connection,1164,129.2577732
1287,W MARKET ST,Shared Lane Connection,1165,287.4472617
1288,W MARKET ST,Shared Lane Connection,1166,311.0776225
1289,W MARKET ST,Shared Lane Connection,1167,482.2795714
1290,W MARKET ST,Shared Lane Connection,1168,415.2504951
1291,W MARKET ST,Shared Lane Connection,1169,1023.50062
1292,W MARKET ST,Shared Lane Connection,1170,428.679731
1293,W MARKET ST,Shared Lane Connection,1171,352.3516878
1294,W MARKET ST,Shared Lane Connection,1172,648.7175814
1295,W MARKET ST,Shared Lane Connection,1173,97.30167478
1296,W MARKET ST,Shared Lane Connection,1174,792.8164696
1297,W MARKET ST,Shared Lane Connection,1175,311.3518295
1298,W MARKET ST,Shared Lane Connection,1176,365.6838319
1299,W MARKET ST,Shared Lane Connection,1177,292.7283206
1300,W MARKET ST,Shared Lane Connection,1178,203.5761811
1301,W MARKET ST,Shared Lane Connection,1179,379.2503753
1302,W MARKET ST,Shared Lane Connection,1180,276.8881771
1303,W MARKET ST,Shared Lane Connection,1181,187.5219822
1304,W MARKET ST,Shared Lane Connection,1182,479.9239065
1305,W MARKET ST,Shared Lane Connection,1183,459.0066095
1306,W MARKET ST,Shared Lane Connection,1184,483.048803
1307,W MARKET ST,Shared Lane Connection,1185,480.1399485
1308,W MARKET ST,Shared Lane Connection,1186,474.8143641
1309,W MARKET ST,Shared Lane Connection,1187,479.6574484
1310,W MARKET ST,Shared Lane Connection,1189,480.2572651
1311,S SPRING ST,Shared Lane Connection,1190,409.0465721
1312,N SPRING ST,Shared Lane Connection,1191,818.294881
1313,S SPRING ST,Shared Lane Connection,1192,406.1298626
1314,S SPRING ST,Shared Lane Connection,1193,96.44539532
1315,CANE RUN RD,Shared Lane Connection,1194,353.8627621
1316,W JEFFERSON ST,Shared Lane Connection,1195,479.2753528
1317,W JEFFERSON ST,Shared Lane Connection,1196,479.7596012
1318,W JEFFERSON ST,Shared Lane Connection,1199,455.0827074
1319,W JEFFERSON ST,Shared Lane Connection,1200,476.3637009
1320,W JEFFERSON ST,Shared Lane Connection,1201,480.5821346
1321,W JEFFERSON ST,Shared Lane Connection,1202,478.2638599
1322,GREENWOOD AVE,Neighborway,1203,967.3314229
1323,COLORADO AVE,Neighborway,1204,35.61569215
1324,WOODFIELD RD,Neighborway,1205,347.7529575
1325,GREENWOOD AVE,Neighborway,1203,389.3058492
1326,GREENWOOD AVE,Neighborway,1207,323.2022461
1327,GREENWOOD AVE,Neighborway,1210,347.9640073
1328,LYNNBROOK DR,Neighborway,1211,147.0342542
1329,WOODFIELD RD,Neighborway,1212,1024.603837
1330,WESLEY AVE,Neighborway,1213,328.058244
1331,GREENWOOD AVE,Neighborway,1215,953.9789566
1332,BLOWING TREE RD,Neighborway,1216,910.2326283
1333,HURSTBOURNE LN,Neighborway,1220,967.6538325
1334,GREENWOOD AVE,Neighborway,1221,310.7013115
1335,LYNNBROOK DR,Neighborway,1225,335.5078233
1336,GREENWOOD AVE,Neighborway,1226,1439.857712
1337,GREENWOOD AVE,Neighborway,1227,1104.239854
1338,BRISTOL AVE,Neighborway,1229,320.2718833
1339,GREENWOOD AVE,Neighborway,1230,50.30071232
1340,GREENWOOD AVE,Neighborway,1232,394.4342933
1341,LYNNBROOK DR,Neighborway,1233,314.8599169
1342,GREENWOOD AVE,Neighborway,1234,652.3297645
1343,GREENWOOD AVE,Neighborway,1236,478.6341838
1344,GREENWOOD AVE,Neighborway,1239,653.5136769
1345,BLOWING TREE RD,Neighborway,1240,733.3801102
1346,GREENWOOD AVE,Neighborway,1241,309.4039443
1347,GREENWOOD AVE,Neighborway,1242,154.8218222
1348,GREENWOOD AVE,Neighborway,1243,381.8346287
1349,LYNNBROOK DR,Neighborway,1244,313.0547465
1350,GREENWOOD AVE,Neighborway,1245,959.6195371
1351,E JEFFERSON ST,Bike Lane,1246,478.7150774
1352,E JEFFERSON ST,Bike Lane,1247,336.8192358
1353,E JEFFERSON ST,Bike Lane,1248,253.8482966
1354,W JEFFERSON ST,Bike Lane,1249,508.0319405
1355,W JEFFERSON ST,Bike Lane,1252,479.9037809
1356,W JEFFERSON ST,Bike Lane,1253,250.7757645
1357,W JEFFERSON ST,Bike Lane,1254,478.7269794
1358,W JEFFERSON ST,Bike Lane,1255,239.8938623
1359,S 15TH ST,Bike Lane,1256,1542.933253
1360,S 15TH ST,Bike Lane,1257,439.0275859
1361,S 7TH ST,Bike Lane,1259,638.7811049
1362,W BROADWAY,Bike Lane,1260,122.4648734
1363,S JACKSON ST,Bike Lane,1261,240.1315345
1364,ALGONQUIN PKY,Bike Lane,1262,1273.748447
1365,W GAULBERT AVE,Shared Lane Connection,1264,479.39619
1366,S JACKSON ST,Bike Lane,1266,515.2143147
1367,W BROADWAY,Bike Lane,1267,69.24316294
1368,S JACKSON ST,Bike Lane,1268,245.0810935
1369,S JACKSON ST,Bike Lane,1269,248.4305858
1370,E MARKET ST,Bike Lane,1270,583.6483986
1371,S JACKSON ST,Bike Lane,1271,245.4334016
1372,E MARKET ST,Bike Lane,1272,421.8612975
1373,W BROADWAY,Bike Lane,1273,224.1605346
1374,S JACKSON ST,Bike Lane,1274,239.1386802
1375,S 7TH ST,Bike Lane,1275,804.2461118
1376,ALGONQUIN PKY,Bike Lane,1277,2803.495092
1377,S 15TH ST,Bike Lane,1278,1542.933253
1378,E MARKET ST,Bike Lane,1281,588.8513355
1379,CHAMBERLAIN LN,Bike Lane,1282,403.7004323
1380,S JACKSON ST,Bike Lane,1283,801.5501601
1381,S JACKSON ST,Bike Lane,1284,192.7612058
1382,S 7TH ST,Bike Lane,1285,169.2632671
1383,E MARKET ST,Bike Lane,1286,585.4262549
1384,S 7TH ST,Bike Lane,1287,310.0218784
1385,E MARKET ST,Bike Lane,1289,583.7552051
1386,E MARKET ST,Bike Lane,1290,583.3110703
1387,S JACKSON ST,Bike Lane,1291,253.3915404
1388,S JACKSON ST,Bike Lane,1294,224.4993649
1389,S 15TH ST,Bike Lane,1295,439.0275859
1390,ALGONQUIN PKY,Bike Lane,1297,340.0096494
1391,E MARKET ST,Bike Lane,1299,584.3280209
1392,S 23RD ST,Neighborway,1300,345.1751336
1393,S 23RD ST,Neighborway,1301,345.3266126
1394,S 23RD ST,Neighborway,1302,368.7485831
1395,S 23RD ST,Neighborway,1303,345.1751336
1396,BANK ST,Neighborway,1304,102.2660636
1397,W JEFFERSON ST,Neighborway,1305,218.8582303
1398,HUMLER ST,Neighborway,1306,495.7223429
1399,S 24TH ST,Neighborway,1307,364.6620087
1400,S 24TH ST,Neighborway,1308,402.2745989
1401,S 24TH ST,Neighborway,1309,200.7597187
1402,S 24TH ST,Neighborway,1310,245.5017831
1403,MAPLE ST,Neighborway,1311,243.1563275
1404,S 24TH ST,Neighborway,1312,241.5368607
1405,S 24TH ST,Neighborway,1313,230.8014196
1406,S 24TH ST,Neighborway,1314,359.6987276
1407,HUMLER ST,Neighborway,1315,89.05575051
1408,S 24TH ST,Neighborway,1316,200.618805
1409,S 24TH ST,Neighborway,1317,251.0520071
1410,S 24TH ST,Neighborway,1318,249.1528489
1411,S 25TH ST,Neighborway,1319,195.0442398
1412,S 25TH ST,Neighborway,1320,344.6947638
1413,S 24TH ST,Neighborway,1321,409.062452
1414,N 25TH ST,Neighborway,1322,254.8958171
1415,S 24TH ST,Neighborway,1323,251.8074984
1416,HUMLER ST,Neighborway,1324,573.7226303
1417,S 25TH ST,Neighborway,1325,249.9787743
1418,S 24TH ST,Neighborway,1326,249.473616
1419,S 25TH ST,Neighborway,1327,233.3320223
1420,N 25TH ST,Neighborway,1328,239.2857392
1421,N 24TH ST,Neighborway,1329,357.3450858
1422,N 25TH ST,Neighborway,1330,220.7714426
1423,N 25TH ST,Neighborway,1331,220.0510437
1424,N 24TH ST,Neighborway,1332,251.5953017
1425,N 25TH ST,Neighborway,1333,236.2234362
1426,N 25TH ST,Neighborway,1334,217.6035417
1427,N 25TH ST,Neighborway,1335,247.9975797
1428,N 24TH ST,Neighborway,1336,343.3672428
1429,N 25TH ST,Neighborway,1337,232.0637373
1430,N 25TH ST,Neighborway,1338,220.3701078
1431,N 25TH ST,Neighborway,1339,221.0430841
1432,N 24TH ST,Neighborway,1340,252.7279656
1433,N 24TH ST,Neighborway,1341,244.1788895
1434,N 25TH ST,Neighborway,1342,240.7208057
1435,N 25TH ST,Neighborway,1343,243.9406645
1436,N 24TH ST,Neighborway,1344,244.0637746
1437,N 25TH ST,Neighborway,1345,239.8423372
1438,PORTLAND AVE,Neighborway,1346,56.03281712
1439,MAGAZINE ST,Neighborway,1347,254.329971
1440,S 19TH ST,Neighborway,1348,254.363299
1441,S 19TH ST,Neighborway,1349,250.4397152
1442,S 19TH ST,Neighborway,1350,295.6854293
1443,S 19TH ST,Neighborway,1351,240.388442
1444,N 19TH ST,Neighborway,1352,239.6536942
1445,S 19TH ST,Neighborway,1353,255.1595809
1446,S 19TH ST,Neighborway,1354,46.90023269
1447,N 19TH ST,Neighborway,1355,311.3922814
1448,N 19TH ST,Neighborway,1356,247.8380617
1449,N 19TH ST,Neighborway,1357,240.4845827
1450,S 19TH ST,Neighborway,1358,158.4265715
1451,S 19TH ST,Neighborway,1359,255.7234737
1452,S 19TH ST,Neighborway,1360,203.057679
1453,N 19TH ST,Neighborway,1361,283.8076441
1454,S 19TH ST,Neighborway,1362,240.7829051
1455,S 19TH ST,Neighborway,1363,240.4073827
1456,N 19TH ST,Neighborway,1364,226.1139307
1457,S 19TH ST,Neighborway,1365,95.02347436
1458,S 19TH ST,Neighborway,1366,143.8719186
1459,N 19TH ST,Neighborway,1367,195.5555879
1460,N 19TH ST,Neighborway,1368,237.2436814
1461,S 19TH ST,Neighborway,1369,196.6553846
1462,S 19TH ST,Neighborway,1370,404.3271549
1463,S 19TH ST,Neighborway,1371,255.6380434
1464,N 19TH ST,Neighborway,1372,241.0896664
1465,S 19TH ST,Neighborway,1373,256.0066144
1466,N 19TH ST,Neighborway,1374,254.6631797
1467,BANK ST,Neighborway,1375,128.216487
1468,N 19TH ST,Neighborway,1376,241.0896664
1469,ROWAN ST,Neighborway,1377,159.8630296
1470,ROWAN ST,Neighborway,1378,483.4593242
1471,ROWAN ST,Neighborway,1379,98.27405035
1472,ROWAN ST,Neighborway,1380,381.4495804
1473,ROWAN ST,Neighborway,1381,479.0513787
1474,ROWAN ST,Neighborway,1382,320.541599
1475,ROWAN ST,Neighborway,1383,1064.323673
1476,ROWAN ST,Neighborway,1384,480.1816942
1477,ROWAN ST,Neighborway,1385,488.2757006
1478,ROWAN ST,Neighborway,1386,474.8604036
1479,ROWAN ST,Neighborway,1387,478.2428554
1480,ROWAN ST,Neighborway,1388,685.3840045
1481,ROWAN ST,Neighborway,1389,480.0950564
1482,ROWAN ST,Neighborway,1390,473.517566
1483,ROWAN ST,Neighborway,1391,480.3519528
1484,ROWAN ST,Neighborway,1392,482.1518734
1485,S 23RD ST,Neighborway,1393,344.3916333
1486,S 23RD ST,Neighborway,1394,332.7520802
1487,S 23RD ST,Neighborway,1395,358.7757005
1488,S 23RD ST,Neighborway,1396,334.8581497
1489,S 23RD ST,Neighborway,1397,796.7525912
1490,S 23RD ST,Neighborway,1398,302.5855259
1491,S 23RD ST,Neighborway,1399,335.3618823
1492,S 23RD ST,Neighborway,1400,334.9684322
1493,S 23RD ST,Neighborway,1401,313.790049
1494,S 23RD ST,Neighborway,1402,275.3016461
1495,S 23RD ST,Neighborway,1403,341.6716379
1496,S 23RD ST,Neighborway,1404,439.5099675
1497,S 23RD ST,Neighborway,1405,344.6220739
1498,S 23RD ST,Neighborway,1406,334.6216959
1499,DUMESNIL ST,Neighborway,1407,64.50580579
1500,S 23RD ST,Neighborway,1408,414.0452091
1501,S 23RD ST,Neighborway,1409,476.0893094
1502,S 23RD ST,Neighborway,1410,345.795284
1503,S 23RD ST,Neighborway,1411,350.2637099
1504,S 23RD ST,Neighborway,1412,344.4532196
1505,S 23RD ST,Neighborway,1413,298.032867
1506,S 23RD ST,Neighborway,1414,175.6075315
1507,S 23RD ST,Neighborway,1415,315.4792068
1508,S 23RD ST,Neighborway,1416,370.3858261
1509,WATHEN LN,Neighborway,1417,223.8497523
1510,WATHEN LN,Neighborway,1418,1591.097457
1511,HOMEVIEW DR,Neighborway,1419,859.1090272
1512,S 23RD ST,Neighborway,1420,344.1605055
1513,7TH STREET RD,Neighborway,1421,167.6564676
1514,WATHEN LN,Neighborway,1422,316.3836514
1515,WATHEN LN,Neighborway,1423,634.0005985
1516,HOMEVIEW DR,Neighborway,1424,641.5031292
1517,DIXIE HWY,Neighborway,1425,125.2891197
1518,WATHEN LN,Neighborway,1426,790.9802739
1519,HARDESTY AVE,Neighborway,1427,880.1431347
1520,S 23RD ST,Neighborway,1428,199.5955693
1521,WILSON AVE,Neighborway,1429,55.57505195
1522,BECKER CT,Neighborway,1430,47.62880677
1523,S 23RD ST,Neighborway,1431,230.6085932
1524,ILLINOIS AVE,Neighborway,1432,862.8514714
1525,ILLINOIS AVE,Neighborway,1433,194.142132
1526,AUDUBON PKY,Neighborway,1434,396.8721834
1527,NIGHTINGALE RD,Neighborway,1435,972.153248
1528,AUDUBON PKY,Neighborway,1436,286.8734823
1529,ILLINOIS AVE,Neighborway,1437,423.631139
1530,ILLINOIS AVE,Neighborway,1438,383.2452711
1531,NIGHTINGALE RD,Neighborway,1439,512.1220937
1532,ILLINOIS AVE,Neighborway,1440,635.38114
1533,AUDUBON PKY,Neighborway,1441,180.766597
1534,ILLINOIS AVE,Neighborway,1442,717.0147423
1535,AUDUBON PKY,Neighborway,1443,83.54753359
1536,ILLINOIS AVE,Neighborway,1444,727.2109736
1537,AUDUBON PKY,Neighborway,1445,353.1950033
1538,ILLINOIS AVE,Neighborway,1446,1135.471182
1539,ILLINOIS AVE,Neighborway,1447,437.5605649
1540,AUDUBON PKY,Neighborway,1448,346.0709724
1541,AUDUBON PKY,Neighborway,1449,410.996723
1542,AUDUBON PKY,Neighborway,1450,454.6190301
1543,AUDUBON PKY,Neighborway,1451,259.944666
1544,AUDUBON PKY,Neighborway,1452,410.028157
1545,AUDUBON PKY,Neighborway,1453,347.1587477
1546,AUDUBON PKY,Neighborway,1454,456.765411
1547,AUDUBON PKY,Neighborway,1455,481.1349818
1548,AUDUBON PKY,Neighborway,1456,348.767779
1549,AUDUBON PKY,Neighborway,1457,347.3218864
1550,AUDUBON PKY,Neighborway,1458,351.6324633
1551,AUDUBON PKY,Neighborway,1459,355.4717952
1552,NORRIS PL,Neighborway,1460,289.6699125
1553,E WASHINGTON ST,Neighborway,1461,510.7693553
1554,GRINSTEAD DR,Bike Lane,1462,433.0271267
1555,GRINSTEAD DR,Bike Lane,1463,197.6413695
1556,ROSEDALE AVE,Neighborway,1464,349.5344961
1557,ROSEDALE AVE,Neighborway,1465,277.6877289
1558,ROSEDALE AVE,Neighborway,1466,372.7912934
1559,PRINCETON DR,Neighborway,1467,592.6650288
1560,PRINCETON DR,Neighborway,1468,463.4122429
1561,PRINCETON DR,Neighborway,1469,375.5801891
1562,BOULEVARD NAPOLEON,Neighborway,1470,555.134124
1563,SHADY LN,Neighborway,1471,780.1396085
1564,W MADISON ST,Neighborway,1472,478.135021
1565,COOPER CHAPEL RD,Bike Lane,1473,456.4342727
1566,COOPER CHAPEL RD,Bike Lane,1474,813.4124972
1567,COOPER CHAPEL RD,Bike Lane,1475,1409.567279
1568,SMYRNA PKY,Bike Lane,1476,1181.35944
1569,COOPER CHAPEL RD,Bike Lane,1477,1121.519675
1570,COOPER CHAPEL RD,Bike Lane,1478,1094.383276
1571,COOPER CHAPEL RD,Bike Lane,1479,1638.964318
1572,SMYRNA CONNECTOR,Bike Lane,1480,360.1630365
1573,COOPER CHAPEL RD,Bike Lane,1481,447.1152073
1574,COOPER CHAPEL RD,Bike Lane,1482,700.4716849
1575,BROOK STREET CONNECTOR,Bike Lane,1483,3187.21942
1576,UNIVERSITY BLVD,Bike Lane,1484,584.8407322
1577,W MUHAMMAD ALI BLVD,Bike Lane,1485,479.601416
1578,S 7TH ST,Shared Lane Connection,1486,285.3157782
1579,N HANCOCK ST,Bike Lane,1487,218.5750134
1580,N HANCOCK ST,Bike Lane,1488,299.9244646
1581,N HANCOCK ST,Bike Lane,1489,208.1164959
1582,E MAIN ST,Shared Lane Connection,1490,586.2875549
1583,E MAIN ST,Bike Lane,1491,589.052175
1584,E MAIN ST,Shared Lane Connection,1492,583.7285084
1585,E MAIN ST,Bike Lane,1493,584.1373398
1586,E MAIN ST,Bike Lane,1494,320.2724575
1587,E MAIN ST,Bike Lane,1495,585.2774623
1588,SWAN ST,Bike Lane,1496,266.0048331
1589,ELLISON AVE,Bike Lane,1497,837.9813858
1590,HIGHLAND AVE,Bike Lane,1498,556.5028514
1591,EDWARD ST,Bike Lane,1499,506.2443711
1592,EDWARD ST,Bike Lane,1500,476.4918708
1593,E MARKET ST,Bike Lane,1501,480.6816351
1594,W MARKET ST,Bike Lane,1502,502.2795624
1595,E BARBEE AVE,Neighborway,1503,1213.065016
1596,N BARBEE WAY,Neighborway,1504,74.86655268
1597,E MAIN ST,Shared Lane Connection,1505,583.5020117
1598,S 15TH ST,Bike Lane,1506,86.19138789
1599,S 15TH ST,Bike Lane,1507,396.2496094
1600,S 15TH ST,Bike Lane,1508,43.32087241
1601,S 15TH ST,Bike Lane,1509,420.2563469
1602,S 15TH ST,Bike Lane,1510,389.0901157
1603,S 15TH ST,Bike Lane,1511,766.7736562
1604,S 15TH ST,Bike Lane,1512,433.0775567
1605,TAYLORSVILLE RD,Bike Lane,1513,467.4999541
1606,TAYLORSVILLE RD,Bike Lane,1514,449.9052268
1607,TAYLORSVILLE RD,Bike Lane,1515,430.300561
1608,TAYLORSVILLE RD,Bike Lane,1516,490.4877061
1609,TAYLORSVILLE RD,Bike Lane,1517,532.2935081
1610,TAYLORSVILLE RD,Bike Lane,1518,662.5530272
1611,TAYLORSVILLE RD,Bike Lane,1519,1055.559805
1612,TAYLORSVILLE RD,Bike Lane,1520,688.3709326
1613,TAYLORSVILLE RD,Bike Lane,1521,501.6875026
1614,CHAMBERLAIN LN,Bike Lane,1522,1942.199752
1615,CAMP GROUND RD,Bike Lane,1523,1148.12201
1616,W HILL ST,Bike Lane,1524,344.5617281
1617,W HILL ST,Bike Lane,1525,1095.346571
1618,S 6TH ST,Shared Lane Connection,1526,263.2976304
1619,S 8TH ST,Bike Lane,1527,578.8359449
1620,S 24TH ST,Shared Lane Connection,1528,10.32864882
1621,E KENTUCKY ST,Bike Lane,1529,121.3253908
1622,CAMP GROUND RD,Bike Lane,1530,1305.502695
1623,EASTERN PKY,Shared Lane Connection,1531,905.8440216
1624,EASTERN PKY,Shared Lane Connection,1532,761.7040446
1625,EASTERN PKY,Shared Lane Connection,1533,792.2373425
1626,EASTERN PKY,Shared Lane Connection,1534,552.6315058
1627,EASTERN PKY,Shared Lane Connection,1535,224.4943652
1628,EASTERN PKY,Shared Lane Connection,1536,381.7207068
1629,EASTERN PKY,Shared Lane Connection,1537,686.189163
1630,EASTERN PKY,Shared Lane Connection,1538,307.7017693
1631,EASTERN PKY,Shared Lane Connection,1539,637.5319748
1632,EASTERN PKY,Shared Lane Connection,1540,303.7522832
1633,EASTERN PKY,Shared Lane Connection,1541,300.5807249
1634,EASTERN PKY,Shared Lane Connection,1542,836.0638968
1635,EASTERN PKY,Shared Lane Connection,1543,597.6912979
1636,EASTERN PKY,Shared Lane Connection,1544,590.1249813
1637,EASTERN PKY,Shared Lane Connection,1545,805.1228625
1638,EASTERN PKY,Shared Lane Connection,1546,1260.673981
1639,EASTERN PKY,Shared Lane Connection,1547,693.5460188
1640,EASTERN PKY,Shared Lane Connection,1548,1298.246199
1641,EASTERN PKY,Shared Lane Connection,1549,337.8642157
1642,EASTERN PKY,Shared Lane Connection,1550,203.2988367
1643,EASTERN PKY,Shared Lane Connection,1551,159.8017414
1644,Bluegrass Pkwy- Bike/Ped Trail,Shared Use Path,1552,222.1718675
1645,Bluegrass Pkwy- Bike/Ped Trail,Shared Use Path,1553,46.82546182
1646,Bluegrass Pkwy- Bike/Ped Trail,Shared Use Path,1554,8751.146036
1647,Gaslight Square- Bike/ Ped Trail,Shared Use Path,1555,2010.422867
1648,MERIONETH DR,Bike Lane,1556,607.009271
1649,MERIONETH DR,Bike Lane,1557,690.3219624
1650,MERIONETH DR,Bike Lane,1558,280.7775042
1651,MERIONETH DR,Bike Lane,1559,598.541238
1652,MERIONETH DR,Bike Lane,1560,319.8880885
1653,S FLOYD ST,Bike Lane,1258,69.53370214
1654,S FLOYD ST,Bike Lane,1263,236.914881
1655,S FLOYD ST,Bike Lane,1265,223.1913946
1656,S FLOYD ST,Bike Lane,1276,404.4975139
1657,S FLOYD ST,Bike Lane,1279,247.8689005
1658,S FLOYD ST,Bike Lane,1280,400.8704812
1659,S FLOYD ST,Bike Lane,1288,241.353123
1660,S FLOYD ST,Bike Lane,1292,192.2946722
1661,S FLOYD ST,Bike Lane,1293,241.8660548
1662,S FLOYD ST,Bike Lane,1296,715.582222
1663,S FLOYD ST,Bike Lane,1298,276.8350691
1664,S FLOYD ST,Shared Lane Connection,1258,69.31373335
1665,S FLOYD ST,Shared Lane Connection,1263,236.914881
1666,S FLOYD ST,Shared Lane Connection,1265,223.1913946
1667,S FLOYD ST,Shared Lane Connection,1276,404.3301938
1668,S FLOYD ST,Shared Lane Connection,1279,247.8284424
1669,S FLOYD ST,Shared Lane Connection,1280,400.8704812
1670,S FLOYD ST,Shared Lane Connection,1288,241.353123
1671,S FLOYD ST,Shared Lane Connection,1292,192.2946722
1672,S FLOYD ST,Shared Lane Connection,1293,241.8660548
1673,S FLOYD ST,Shared Lane Connection,1296,715.2950973
1674,S FLOYD ST,Shared Lane Connection,1298,276.827735
1675,S BROOK ST,Bike Lane,354,197.6065963
1676,S BROOK ST,Bike Lane,355,197.4781133
1677,S BROOK ST,Bike Lane,380,420.4301384
1678,S BROOK ST,Bike Lane,382,1010.322205
1679,S BROOK ST,Bike Lane,385,649.5484356
1680,S BROOK ST,Bike Lane,445,418.6485056
1681,S BROOK ST,Bike Lane,450,527.4140531
1682,S BROOK ST,Bike Lane,515,166.419858
1683,S BROOK ST,Bike Lane,542,558.4779883
1684,S BROOK ST,Shared Lane Connection,354,197.515003
1685,S BROOK ST,Shared Lane Connection,355,197.4781133
1686,S BROOK ST,Shared Lane Connection,380,420.4301384
1687,S BROOK ST,Shared Lane Connection,382,1010.322205
1688,S BROOK ST,Shared Lane Connection,385,650.1778998
1689,S BROOK ST,Shared Lane Connection,445,418.8787408
1690,S BROOK ST,Shared Lane Connection,450,527.0220674
1691,S BROOK ST,Shared Lane Connection,515,166.419858
1692,S BROOK ST,Shared Lane Connection,542,558.4043065
1693,S 1ST ST,Bike Lane,405,205.8396748
1694,S 1ST ST,Bike Lane,416,653.0769168
1695,S 1ST ST,Bike Lane,449,793.3631311
1696,S 1ST ST,Bike Lane,483,528.6295528
1697,S 1ST ST,Bike Lane,514,560.6107183
1698,S 1ST ST,Bike Lane,546,556.7116087
1699,S 1ST ST,Bike Lane,552,852.0993495
1700,S 1ST ST,Shared Lane Connection,405,205.8396748
1701,S 1ST ST,Shared Lane Connection,416,653.0384026
1702,S 1ST ST,Shared Lane Connection,449,793.5438259
1703,S 1ST ST,Shared Lane Connection,483,528.4907144
1704,S 1ST ST,Shared Lane Connection,514,560.6107183
1705,S 1ST ST,Shared Lane Connection,546,556.801156
1706,S 1ST ST,Shared Lane Connection,552,851.8665204
1707,Northwestern Pkwy (Detour),Shared Lane Connection,1707,9678.954175
1708,Bank St. ( Detour),Shared Lane Connection,1708,5902.125933
1709,Lees Ln (Louisville Loop),Shared Lane Connection,1709,2818.435822
1710,Louisville Loop,Shared Use Path,1710,142.5473962
1711,MET,Shared Use Path,1711,3207.792901
1712,Joe Creason Park,Shared Use Path,1712,1597.867981
1713,Joe Creason Park,Shared Use Path,1713,280.9579573
1714,Joe Creason Park,Shared Use Path,1714,620.7795471
1715,Joe Creason Park,Shared Use Path,1715,3561.227348
1716,Joe Creason Park,Shared Use Path,1716,406.6973507
1717,Joe Creason Park,Shared Use Path,1717,975.5885188
1718,Joe Creason Park,Shared Use Path,1718,104.3709578
1719,Joe Creason Park,Shared Use Path,1719,180.5703618
1720,Joe Creason Park,Shared Use Path,1720,73.16638795
1721,Fern Creek Park,Shared Use Path,1721,1139.840768
1722,Fern Creek Park,Shared Use Path,1722,1679.547163
1723,Highview Park,Shared Use Path,1723,2877.286671
1724,Highview Park,Shared Use Path,1724,674.8774531
1725,Highview Park,Shared Use Path,1725,32.59106959
1726,Riverside Gardens Park,Shared Use Path,1726,2224.742276
1727,Wyandotte Park,Shared Use Path,1727,1346.30121
1728,Wyandotte Park,Shared Use Path,1728,1477.19038
1729,Wyandotte Park,Shared Use Path,1729,626.5380771
1730,Wyandotte Park,Shared Use Path,1730,381.8083561
1731,Wyandotte Park,Shared Use Path,1731,311.3504787
1732,Wyandotte Park,Shared Use Path,1732,91.65842378
1733,Iroquois Park - Uppill Road,Shared Use Path,1733,6251.248759
1734,Iroquois Park- Toppill Road,Shared Use Path,1734,7156.324189
1735,OLMSTED DR,Shared Use Path,1735,1093.425898
1736,RUNDILL RD,Shared Use Path,1736,4247.489825
1737,Blue Lick Park,Shared Use Path,1737,992.5321593
1738,Flaget Field,Shared Use Path,1738,1350.06289
1739,LONG RUN PARK,Shared Use Path,1739,1142.797672
1740,LONG RUN PARK,Shared Use Path,1740,282.1082052
1741,LONG RUN PARK,Shared Use Path,1741,2349.892629
1742,LONG RUN PARK,Shared Use Path,1742,1158.023549
1743,LONG RUN PARK,Shared Use Path,1743,2574.904702
1744,Long Run Park,Shared Use Path,1744,3359.011197
1745,Roberson Run Park,Shared Use Path,1745,2428.375865
1746,Thurman- Hutchins Park,Shared Use Path,1746,2551.321305
1747,Thurman- Hutchins Park,Shared Use Path,1747,1712.457906
